AREA,STATE,FIPS,RATE,Year
"Bulloch, GA",GA,13031,88.3,2012
"Burke, GA",GA,13033,87.8,2012
"Butts, GA",GA,13035,94.9,2012
"Calhoun, GA",GA,13037,–,2012
"Camden, GA",GA,13039,83.7,2012
"Candler, GA",GA,13043,146.4,2012
"Carroll, GA",GA,13045,139.8,2012
"Catoosa, GA",GA,13047,185.9,2012
"Charlton, GA",GA,13049,95,2012
"Chatham, GA",GA,13051,96.8,2012
"Chattahoochee, GA",GA,13053,–,2012
"Chattooga, GA",GA,13055,159.3,2012
"Cherokee, GA",GA,13057,77.2,2012
"Clarke, GA",GA,13059,130.2,2012
"Clay, GA",GA,13061,108.8,2012
"Clayton, GA",GA,13063,54.5,2012
"Clinch, GA",GA,13065,143.2,2012
"Cobb, GA",GA,13067,73,2012
"Coffee, GA",GA,13069,176.9,2012
"Colquitt, GA",GA,13071,79.6,2012
"Columbia, GA",GA,13073,93.2,2012
"Cook, GA",GA,13075,121.1,2012
"Coweta, GA",GA,13077,94.5,2012
"Crawford, GA",GA,13079,–,2012
"Crisp, GA",GA,13081,174.7,2012
"Dade, GA",GA,13083,112.7,2012
"Dawson, GA",GA,13085,170.1,2012
"Decatur, GA",GA,13087,148.1,2012
"DeKalb, GA",GA,13089,49.4,2012
"Dodge, GA",GA,13091,107.9,2012
"Dooly, GA",GA,13093,–,2012
"Dougherty, GA",GA,13095,132.8,2012
"Douglas, GA",GA,13097,104.7,2012
"Early, GA",GA,13099,104.3,2012
"Echols, GA",GA,13101,–,2012
"Effingham, GA",GA,13103,77.9,2012
"Elbert, GA",GA,13105,136.8,2012
"Emanuel, GA",GA,13107,116,2012
"Evans, GA",GA,13109,169.2,2012
"Fannin, GA",GA,13111,140.2,2012
"Fayette, GA",GA,13113,86.1,2012
"Floyd, GA",GA,13115,176.4,2012
"Forsyth, GA",GA,13117,65.5,2012
"Franklin, GA",GA,13119,163.9,2012
"Fulton, GA",GA,13121,54.1,2012
"Gilmer, GA",GA,13123,154.2,2012
"Glascock, GA",GA,13125,–,2012
"Glynn, GA",GA,13127,118.8,2012
"Gordon, GA",GA,13129,154.5,2012
"Grady, GA",GA,13131,74.8,2012
"Greene, GA",GA,13133,133.4,2012
"Gwinnett, GA",GA,13135,55,2012
"Habersham, GA",GA,13137,127.4,2012
"Hall, GA",GA,13139,103.9,2012
"Hancock, GA",GA,13141,53.7,2012
"Haralson, GA",GA,13143,241.9,2012
"Harris, GA",GA,13145,7.7,2012
"Hart, GA",GA,13147,124,2012
"Heard, GA",GA,13149,–,2012
"Henry, GA",GA,13151,89.5,2012
"Houston, GA",GA,13153,114.6,2012
"Irwin, GA",GA,13155,57.9,2012
"Jackson, GA",GA,13157,120.9,2012
"Jasper, GA",GA,13159,57.3,2012
"Jeff Davis, GA",GA,13161,115,2012
"Jefferson, GA",GA,13163,133.2,2012
"Jenkins, GA",GA,13165,36,2012
"Johnson, GA",GA,13167,39.6,2012
"Jones, GA",GA,13169,48.3,2012
"Lamar, GA",GA,13171,97.2,2012
"Lanier, GA",GA,13173,–,2012
"Laurens, GA",GA,13175,169,2012
"Lee, GA",GA,13177,49.7,2012
"Liberty, GA",GA,13179,59.3,2012
"Lincoln, GA",GA,13181,–,2012
"Long, GA",GA,13183,–,2012
"Lowndes, GA",GA,13185,120.7,2012
"Lumpkin, GA",GA,13187,90.8,2012
"McDuffie, GA",GA,13189,170.8,2012
"McIntosh, GA",GA,13191,98.9,2012
"Macon, GA",GA,13193,60,2012
"Madison, GA",GA,13195,126.3,2012
"Marion, GA",GA,13197,–,2012
"Meriwether, GA",GA,13199,46.7,2012
"Miller, GA",GA,13201,140.1,2012
"Mitchell, GA",GA,13205,101.7,2012
"Monroe, GA",GA,13207,64.6,2012
"Montgomery, GA",GA,13209,–,2012
"Morgan, GA",GA,13211,63.3,2012
"Murray, GA",GA,13213,118.6,2012
"Muscogee, GA",GA,13215,110,2012
"Newton, GA",GA,13217,104.4,2012
"Oconee, GA",GA,13219,64.6,2012
"Oglethorpe, GA",GA,13221,–,2012
"Paulding, GA",GA,13223,69.4,2012
"Peach, GA",GA,13225,96.8,2012
"Pickens, GA",GA,13227,148.1,2012
"Pierce, GA",GA,13229,48.2,2012
"Pike, GA",GA,13231,–,2012
"Polk, GA",GA,13233,204.2,2012
"Pulaski, GA",GA,13235,99.5,2012
"Putnam, GA",GA,13237,74.3,2012
"Quitman, GA",GA,13239,–,2012
"Rabun, GA",GA,13241,163,2012
"Randolph, GA",GA,13243,183.1,2012
"Richmond, GA",GA,13245,110.4,2012
"Rockdale, GA",GA,13247,85.6,2012
"Schley, GA",GA,13249,–,2012
"Screven, GA",GA,13251,44.2,2012
"Seminole, GA",GA,13253,152.8,2012
"Spalding, GA",GA,13255,164.2,2012
"Stephens, GA",GA,13257,189.3,2012
"Stewart, GA",GA,13259,68.8,2012
"Sumter, GA",GA,13261,97.5,2012
"Talbot, GA",GA,13263,–,2012
"Taliaferro, GA",GA,13265,–,2012
"Tattnall, GA",GA,13267,61.7,2012
"Taylor, GA",GA,13269,47.7,2012
"Telfair, GA",GA,13271,52.5,2012
"Terrell, GA",GA,13273,57.1,2012
"Thomas, GA",GA,13275,110.8,2012
"Tift, GA",GA,13277,156.6,2012
"Toombs, GA",GA,13279,189.3,2012
"Towns, GA",GA,13281,116.2,2012
"Treutlen, GA",GA,13283,–,2012
"Troup, GA",GA,13285,139.8,2012
"Turner, GA",GA,13287,79.3,2012
"Twiggs, GA",GA,13289,–,2012
"Union, GA",GA,13291,171.6,2012
"Upson, GA",GA,13293,145.2,2012
"Walker, GA",GA,13295,47.1,2012
"Walton, GA",GA,13297,126.8,2012
"Ware, GA",GA,13299,215,2012
"Warren, GA",GA,13301,–,2012
"Washington, GA",GA,13303,102,2012
"Wayne, GA",GA,13305,167.2,2012
"Webster, GA",GA,13307,–,2012
"Wheeler, GA",GA,13309,–,2012
"White, GA",GA,13311,94.4,2012
"Whitfield, GA",GA,13313,106.7,2012
"Wilcox, GA",GA,13315,–,2012
"Wilkes, GA",GA,13317,170.5,2012
"Wilkinson, GA",GA,13319,–,2012
"Worth, GA",GA,13321,96.2,2012
"Hawaii, HI",HI,15001,85.8,2012
"Honolulu, HI",HI,15003,38.9,2012
"Kalawao, HI",HI,15005,–,2012
"Kauai, HI",HI,15007,71.6,2012
"Maui, HI",HI,15009,69.7,2012
"Adair, IA",IA,19001,38.9,2012
"Adams, IA",IA,19003,–,2012
"Allamakee, IA",IA,19005,59,2012
"Appanoose, IA",IA,19007,123.4,2012
"Audubon, IA",IA,19009,37.7,2012
"Benton, IA",IA,19011,4.3,2012
"Black Hawk, IA",IA,19013,93.1,2012
"Boone, IA",IA,19015,65,2012
"Bremer, IA",IA,19017,45.8,2012
"Buchanan, IA",IA,19019,36.1,2012
"Buena Vista, IA",IA,19021,47.9,2012
"Butler, IA",IA,19023,38.6,2012
"Calhoun, IA",IA,19025,47.2,2012
"Carroll, IA",IA,19027,121.4,2012
"Cass, IA",IA,19029,119.3,2012
"Cedar, IA",IA,19031,20.5,2012
"Cerro Gordo, IA",IA,19033,125.5,2012
"Cherokee, IA",IA,19035,63.4,2012
"Chickasaw, IA",IA,19037,37.1,2012
"Clarke, IA",IA,19039,92.3,2012
"Clay, IA",IA,19041,118.8,2012
"Clayton, IA",IA,19043,37,2012
"Clinton, IA",IA,19045,83.7,2012
"Crawford, IA",IA,19047,64.2,2012
"Dallas, IA",IA,19049,24.1,2012
"Davis, IA",IA,19051,58.1,2012
"Decatur, IA",IA,19053,–,2012
"Delaware, IA",IA,19055,55.1,2012
"Des Moines, IA",IA,19057,111.5,2012
"Dickinson, IA",IA,19059,86.1,2012
"Dubuque, IA",IA,19061,66.9,2012
"Emmet, IA",IA,19063,51.5,2012
"Fayette, IA",IA,19065,91.9,2012
"Floyd, IA",IA,19067,102.8,2012
"Franklin, IA",IA,19069,31.5,2012
"Fremont, IA",IA,19071,72.2,2012
"Greene, IA",IA,19073,94.5,2012
"Grundy, IA",IA,19075,8.9,2012
"Guthrie, IA",IA,19077,22.9,2012
"Hamilton, IA",IA,19079,67.3,2012
"Hancock, IA",IA,19081,19.2,2012
"Hardin, IA",IA,19083,61.6,2012
"Harrison, IA",IA,19085,67.9,2012
"Henry, IA",IA,19087,78.8,2012
"Howard, IA",IA,19089,48.9,2012
"Humboldt, IA",IA,19091,55.4,2012
"Ida, IA",IA,19093,76.7,2012
"Iowa, IA",IA,19095,21.4,2012
"Jackson, IA",IA,19097,39.5,2012
"Jasper, IA",IA,19099,80.7,2012
"Jefferson, IA",IA,19101,89.8,2012
"Johnson, IA",IA,19103,43.1,2012
"Jones, IA",IA,19105,28.2,2012
"Keokuk, IA",IA,19107,17.8,2012
"Kossuth, IA",IA,19109,53,2012
"Lee, IA",IA,19111,132.1,2012
"Linn, IA",IA,19113,82.8,2012
"Louisa, IA",IA,19115,26.9,2012
"Lucas, IA",IA,19117,95,2012
"Lyon, IA",IA,19119,24.4,2012
"Madison, IA",IA,19121,43.5,2012
"Mahaska, IA",IA,19123,73.4,2012
"Marion, IA",IA,19125,67.5,2012
"Marshall, IA",IA,19127,91.9,2012
"Mills, IA",IA,19129,31.5,2012
"Mitchell, IA",IA,19131,35,2012
"Monona, IA",IA,19133,79.3,2012
"Monroe, IA",IA,19135,105.7,2012
"Montgomery, IA",IA,19137,77.4,2012
"Muscatine, IA",IA,19139,75,2012
"O’Brien, IA",IA,19141,29.7,2012
"Osceola, IA",IA,19143,29,2012
"Page, IA",IA,19145,130.7,2012
"Palo Alto, IA",IA,19147,56.5,2012
"Plymouth, IA",IA,19149,46.6,2012
"Pocahontas, IA",IA,19151,64.9,2012
"Polk, IA",IA,19153,105.7,2012
"Pottawattamie, IA",IA,19155,104.4,2012
"Poweshiek, IA",IA,19157,53,2012
"Ringgold, IA",IA,19159,66.8,2012
"Sac, IA",IA,19161,17,2012
"Scott, IA",IA,19163,87.5,2012
"Shelby, IA",IA,19165,63.5,2012
"Sioux, IA",IA,19167,29.8,2012
"Story, IA",IA,19169,42.8,2012
"Tama, IA",IA,19171,22.7,2012
"Taylor, IA",IA,19173,53.5,2012
"Union, IA",IA,19175,145.8,2012
"Van Buren, IA",IA,19177,–,2012
"Wapello, IA",IA,19179,120.7,2012
"Warren, IA",IA,19181,46.5,2012
"Washington, IA",IA,19183,45,2012
"Wayne, IA",IA,19185,81.5,2012
"Webster, IA",IA,19187,98.5,2012
"Winnebago, IA",IA,19189,46.7,2012
"Winneshiek, IA",IA,19191,40.2,2012
"Woodbury, IA",IA,19193,70,2012
"Worth, IA",IA,19195,–,2012
"Wright, IA",IA,19197,79.5,2012
"Ada, ID",ID,16001,87,2012
"Adams, ID",ID,16003,–,2012
"Bannock, ID",ID,16005,116.1,2012
"Bear Lake, ID",ID,16007,123.9,2012
"Benewah, ID",ID,16009,94.3,2012
"Bingham, ID",ID,16011,79.5,2012
"Blaine, ID",ID,16013,50,2012
"Boise, ID",ID,16015,–,2012
"Bonner, ID",ID,16017,105.1,2012
"Bonneville, ID",ID,16019,110.6,2012
"Boundary, ID",ID,16021,82.6,2012
"Butte, ID",ID,16023,92.5,2012
"Camas, ID",ID,16025,–,2012
"Canyon, ID",ID,16027,87.1,2012
"Caribou, ID",ID,16029,113.9,2012
"Cassia, ID",ID,16031,128.9,2012
"Clark, ID",ID,16033,–,2012
"Clearwater, ID",ID,16035,114.1,2012
"Custer, ID",ID,16037,40.2,2012
"Elmore, ID",ID,16039,65.2,2012
"Franklin, ID",ID,16041,88.9,2012
"Fremont, ID",ID,16043,41,2012
"Gem, ID",ID,16045,119.4,2012
"Gooding, ID",ID,16047,51,2012
"Idaho, ID",ID,16049,71,2012
"Jefferson, ID",ID,16051,38.5,2012
"Jerome, ID",ID,16053,84.6,2012
"Kootenai, ID",ID,16055,111.1,2012
"Latah, ID",ID,16057,76.5,2012
"Lemhi, ID",ID,16059,92,2012
"Lewis, ID",ID,16061,227,2012
"Lincoln, ID",ID,16063,–,2012
"Madison, ID",ID,16065,56.6,2012
"Minidoka, ID",ID,16067,37,2012
"Nez Perce, ID",ID,16069,148.7,2012
"Oneida, ID",ID,16071,91.5,2012
"Owyhee, ID",ID,16073,31.1,2012
"Payette, ID",ID,16075,42.8,2012
"Power, ID",ID,16077,35.1,2012
"Shoshone, ID",ID,16079,131.8,2012
"Teton, ID",ID,16081,69.6,2012
"Twin Falls, ID",ID,16083,131.2,2012
"Valley, ID",ID,16085,109.6,2012
"Washington, ID",ID,16087,127.3,2012
"Adams, IL",IL,17001,136.8,2012
"Alexander, IL",IL,17003,51.1,2012
"Bond, IL",IL,17005,75.1,2012
"Boone, IL",IL,17007,58.6,2012
"Brown, IL",IL,17009,–,2012
"Bureau, IL",IL,17011,33.1,2012
"Calhoun, IL",IL,17013,–,2012
"Carroll, IL",IL,17015,21.8,2012
"Cass, IL",IL,17017,53.7,2012
"Champaign, IL",IL,17019,76.4,2012
"Christian, IL",IL,17021,107.1,2012
"Clark, IL",IL,17023,102.4,2012
"Clay, IL",IL,17025,98.6,2012
"Clinton, IL",IL,17027,35.1,2012
"Coles, IL",IL,17029,122.7,2012
"Cook, IL",IL,17031,47.5,2012
"Crawford, IL",IL,17033,30.5,2012
"Cumberland, IL",IL,17035,–,2012
"DeKalb, IL",IL,17037,62.3,2012
"De Witt, IL",IL,17039,99.4,2012
"Douglas, IL",IL,17041,14.1,2012
"DuPage, IL",IL,17043,54.6,2012
"Edgar, IL",IL,17045,129.2,2012
"Edwards, IL",IL,17047,50.7,2012
"Effingham, IL",IL,17049,127.3,2012
"Fayette, IL",IL,17051,85.4,2012
"Ford, IL",IL,17053,–,2012
"Franklin, IL",IL,17055,165.2,2012
"Fulton, IL",IL,17057,80.9,2012
"Gallatin, IL",IL,17059,–,2012
"Greene, IL",IL,17061,9.3,2012
"Grundy, IL",IL,17063,85.4,2012
"Hamilton, IL",IL,17065,–,2012
"Hancock, IL",IL,17067,30.3,2012
"Hardin, IL",IL,17069,253.2,2012
"Henderson, IL",IL,17071,–,2012
"Henry, IL",IL,17073,64.5,2012
"Iroquois, IL",IL,17075,71.9,2012
"Jackson, IL",IL,17077,135,2012
"Jasper, IL",IL,17079,50.4,2012
"Jefferson, IL",IL,17081,138,2012
"Jersey, IL",IL,17083,113.2,2012
"Jo Daviess, IL",IL,17085,48.2,2012
"Johnson, IL",IL,17087,–,2012
"Kane, IL",IL,17089,48,2012
"Kankakee, IL",IL,17091,90,2012
"Kendall, IL",IL,17093,64.5,2012
"Knox, IL",IL,17095,121.4,2012
"Lake, IL",IL,17097,60.9,2012
"La Salle, IL",IL,17099,96.3,2012
"Lawrence, IL",IL,17101,115,2012
"Lee, IL",IL,17103,77.1,2012
"Livingston, IL",IL,17105,90.3,2012
"Logan, IL",IL,17107,97.9,2012
"McDonough, IL",IL,17109,82.4,2012
"McHenry, IL",IL,17111,74.1,2012
"McLean, IL",IL,17113,67.9,2012
"Macon, IL",IL,17115,115.3,2012
"Macoupin, IL",IL,17117,48.6,2012
"Madison, IL",IL,17119,123.8,2012
"Marion, IL",IL,17121,136,2012
"Marshall, IL",IL,17123,18.9,2012
"Mason, IL",IL,17125,76.7,2012
"Massac, IL",IL,17127,135.4,2012
"Menard, IL",IL,17129,–,2012
"Mercer, IL",IL,17131,42.9,2012
"Monroe, IL",IL,17133,89.1,2012
"Montgomery, IL",IL,17135,151.4,2012
"Morgan, IL",IL,17137,128.5,2012
"Moultrie, IL",IL,17139,43.3,2012
"Ogle, IL",IL,17141,27.4,2012
"Peoria, IL",IL,17143,94.6,2012
"Perry, IL",IL,17145,121.2,2012
"Piatt, IL",IL,17147,44.6,2012
"Pike, IL",IL,17149,59.4,2012
"Pope, IL",IL,17151,–,2012
"Pulaski, IL",IL,17153,78.1,2012
"Putnam, IL",IL,17155,–,2012
"Randolph, IL",IL,17157,61.3,2012
"Richland, IL",IL,17159,113.9,2012
"Rock Island, IL",IL,17161,88,2012
"St. Clair, IL",IL,17163,87.4,2012
"Saline, IL",IL,17165,237.1,2012
"Sangamon, IL",IL,17167,124.1,2012
"Schuyler, IL",IL,17169,118.3,2012
"Scott, IL",IL,17171,–,2012
"Shelby, IL",IL,17173,40.2,2012
"Stark, IL",IL,17175,–,2012
"Stephenson, IL",IL,17177,94,2012
"Tazewell, IL",IL,17179,107.5,2012
"Union, IL",IL,17181,163.8,2012
"Vermilion, IL",IL,17183,116.1,2012
"Wabash, IL",IL,17185,132.7,2012
"Warren, IL",IL,17187,72.4,2012
"Washington, IL",IL,17189,6.6,2012
"Wayne, IL",IL,17191,107.8,2012
"White, IL",IL,17193,123.5,2012
"Whiteside, IL",IL,17195,81.9,2012
"Will, IL",IL,17197,60.6,2012
"Williamson, IL",IL,17199,179.6,2012
"Winnebago, IL",IL,17201,117.7,2012
"Woodford, IL",IL,17203,20.6,2012
"Adams, IN",IN,18001,71.5,2012
"Allen, IN",IN,18003,96.1,2012
"Bartholomew, IN",IN,18005,141.7,2012
"Benton, IN",IN,18007,26.2,2012
"Blackford, IN",IN,18009,134.7,2012
"Boone, IN",IN,18011,84.4,2012
"Brown, IN",IN,18013,48.9,2012
"Carroll, IN",IN,18015,42,2012
"Cass, IN",IN,18017,86.1,2012
"Clark, IN",IN,18019,146.9,2012
"Clay, IN",IN,18021,128.8,2012
"Clinton, IN",IN,18023,113.8,2012
"Crawford, IN",IN,18025,72.7,2012
"Daviess, IN",IN,18027,120.5,2012
"Dearborn, IN",IN,18029,108.3,2012
"Decatur, IN",IN,18031,114.5,2012
"DeKalb, IN",IN,18033,86.9,2012
"Delaware, IN",IN,18035,145.5,2012
"Dubois, IN",IN,18037,131.5,2012
"Elkhart, IN",IN,18039,93.3,2012
"Fayette, IN",IN,18041,180.5,2012
"Floyd, IN",IN,18043,197.6,2012
"Fountain, IN",IN,18045,144,2012
"Franklin, IN",IN,18047,67.3,2012
"Fulton, IN",IN,18049,118.7,2012
"Gibson, IN",IN,18051,105.8,2012
"Grant, IN",IN,18053,147.4,2012
"Greene, IN",IN,18055,106.7,2012
"Hamilton, IN",IN,18057,65,2012
"Hancock, IN",IN,18059,96.6,2012
"Harrison, IN",IN,18061,118.7,2012
"Hendricks, IN",IN,18063,92.8,2012
"Henry, IN",IN,18065,120.9,2012
"Howard, IN",IN,18067,174,2012
"Huntington, IN",IN,18069,107.4,2012
"Jackson, IN",IN,18071,137.8,2012
"Jasper, IN",IN,18073,130.8,2012
"Jay, IN",IN,18075,139.3,2012
"Jefferson, IN",IN,18077,151.5,2012
"Jennings, IN",IN,18079,147.5,2012
"Johnson, IN",IN,18081,113.6,2012
"Knox, IN",IN,18083,160.4,2012
"Kosciusko, IN",IN,18085,91.2,2012
"LaGrange, IN",IN,18087,28.7,2012
"Lake, IN",IN,18089,95.6,2012
"LaPorte, IN",IN,18091,127.7,2012
"Lawrence, IN",IN,18093,165.4,2012
"Madison, IN",IN,18095,153.4,2012
"Marion, IN",IN,18097,101.4,2012
"Marshall, IN",IN,18099,99.5,2012
"Martin, IN",IN,18101,123.4,2012
"Miami, IN",IN,18103,78,2012
"Monroe, IN",IN,18105,93.4,2012
"Montgomery, IN",IN,18107,121.4,2012
"Morgan, IN",IN,18109,159.1,2012
"Newton, IN",IN,18111,31.5,2012
"Noble, IN",IN,18113,93.7,2012
"Ohio, IN",IN,18115,–,2012
"Orange, IN",IN,18117,144.1,2012
"Owen, IN",IN,18119,86.9,2012
"Parke, IN",IN,18121,64.1,2012
"Perry, IN",IN,18123,117.3,2012
"Pike, IN",IN,18125,118.2,2012
"Porter, IN",IN,18127,107,2012
"Posey, IN",IN,18129,72.5,2012
"Pulaski, IN",IN,18131,90.7,2012
"Putnam, IN",IN,18133,99.7,2012
"Randolph, IN",IN,18135,108.8,2012
"Ripley, IN",IN,18137,119.9,2012
"Rush, IN",IN,18139,111.1,2012
"St. Joseph, IN",IN,18141,100.5,2012
"Scott, IN",IN,18143,237.4,2012
"Shelby, IN",IN,18145,103.6,2012
"Spencer, IN",IN,18147,78.2,2012
"Starke, IN",IN,18149,155.8,2012
"Steuben, IN",IN,18151,98.8,2012
"Sullivan, IN",IN,18153,147.1,2012
"Switzerland, IN",IN,18155,64.9,2012
"Tippecanoe, IN",IN,18157,90.5,2012
"Tipton, IN",IN,18159,89.9,2012
"Union, IN",IN,18161,65.9,2012
"Vanderburgh, IN",IN,18163,183.3,2012
"Vermillion, IN",IN,18165,122.1,2012
"Vigo, IN",IN,18167,147,2012
"Wabash, IN",IN,18169,116.3,2012
"Warren, IN",IN,18171,–,2012
"Warrick, IN",IN,18173,101.3,2012
"Washington, IN",IN,18175,111.7,2012
"Wayne, IN",IN,18177,130.7,2012
"Wells, IN",IN,18179,83.3,2012
"White, IN",IN,18181,98.6,2012
"Whitley, IN",IN,18183,119,2012
"Allen, KS",KS,20001,196.8,2012
"Anderson, KS",KS,20003,–,2012
"Atchison, KS",KS,20005,121.9,2012
"Barber, KS",KS,20007,113.4,2012
"Barton, KS",KS,20009,122.8,2012
"Bourbon, KS",KS,20011,112.7,2012
"Brown, KS",KS,20013,50.2,2012
"Butler, KS",KS,20015,114.3,2012
"Chase, KS",KS,20017,–,2012
"Chautauqua, KS",KS,20019,20.7,2012
"Cherokee, KS",KS,20021,40.6,2012
"Cheyenne, KS",KS,20023,101.6,2012
"Clark, KS",KS,20025,–,2012
"Clay, KS",KS,20027,93.2,2012
"Cloud, KS",KS,20029,89.7,2012
"Coffey, KS",KS,20031,–,2012
"Comanche, KS",KS,20033,–,2012
"Cowley, KS",KS,20035,99.1,2012
"Crawford, KS",KS,20037,149.3,2012
"Decatur, KS",KS,20039,121,2012
"Dickinson, KS",KS,20041,59.4,2012
"Doniphan, KS",KS,20043,–,2012
"Douglas, KS",KS,20045,82.2,2012
"Edwards, KS",KS,20047,–,2012
"Elk, KS",KS,20049,–,2012
"Ellis, KS",KS,20051,137.9,2012
"Ellsworth, KS",KS,20053,85.7,2012
"Finney, KS",KS,20055,85.1,2012
"Ford, KS",KS,20057,91,2012
"Franklin, KS",KS,20059,145.2,2012
"Geary, KS",KS,20061,79.4,2012
"Gove, KS",KS,20063,–,2012
"Graham, KS",KS,20065,177.2,2012
"Grant, KS",KS,20067,–,2012
"Gray, KS",KS,20069,25.1,2012
"Greeley, KS",KS,20071,145.5,2012
"Greenwood, KS",KS,20073,–,2012
"Hamilton, KS",KS,20075,71.1,2012
"Harper, KS",KS,20077,74.7,2012
"Harvey, KS",KS,20079,104.9,2012
"Haskell, KS",KS,20081,–,2012
"Hodgeman, KS",KS,20083,–,2012
"Jackson, KS",KS,20085,54.5,2012
"Jefferson, KS",KS,20087,13.8,2012
"Jewell, KS",KS,20089,–,2012
"Johnson, KS",KS,20091,79.6,2012
"Kearny, KS",KS,20093,71.7,2012
"Kingman, KS",KS,20095,–,2012
"Kiowa, KS",KS,20097,–,2012
"Labette, KS",KS,20099,106.1,2012
"Lane, KS",KS,20101,–,2012
"Leavenworth, KS",KS,20103,60,2012
"Lincoln, KS",KS,20105,–,2012
"Linn, KS",KS,20107,–,2012
"Logan, KS",KS,20109,100.3,2012
"Lyon, KS",KS,20111,80.1,2012
"McPherson, KS",KS,20113,97.2,2012
"Marion, KS",KS,20115,35.2,2012
"Marshall, KS",KS,20117,35.1,2012
"Meade, KS",KS,20119,–,2012
"Miami, KS",KS,20121,23.6,2012
"Mitchell, KS",KS,20123,–,2012
"Montgomery, KS",KS,20125,118.7,2012
"Morris, KS",KS,20127,–,2012
"Morton, KS",KS,20129,271.6,2012
"Nemaha, KS",KS,20131,29.1,2012
"Neosho, KS",KS,20133,32.7,2012
"Ness, KS",KS,20135,–,2012
"Norton, KS",KS,20137,99.1,2012
"Osage, KS",KS,20139,–,2012
"Osborne, KS",KS,20141,175.1,2012
"Ottawa, KS",KS,20143,–,2012
"Pawnee, KS",KS,20145,47.5,2012
"Phillips, KS",KS,20147,–,2012
"Pottawatomie, KS",KS,20149,–,2012
"Pratt, KS",KS,20151,216.6,2012
"Rawlins, KS",KS,20153,–,2012
"Reno, KS",KS,20155,121.9,2012
"Republic, KS",KS,20157,121.5,2012
"Rice, KS",KS,20159,43.5,2012
"Riley, KS",KS,20161,78.8,2012
"Rooks, KS",KS,20163,–,2012
"Rush, KS",KS,20165,61.5,2012
"Russell, KS",KS,20167,–,2012
"Saline, KS",KS,20169,157.5,2012
"Scott, KS",KS,20171,139.3,2012
"Sedgwick, KS",KS,20173,114.7,2012
"Seward, KS",KS,20175,154.9,2012
"Shawnee, KS",KS,20177,122.1,2012
"Sheridan, KS",KS,20179,56.8,2012
"Sherman, KS",KS,20181,112,2012
"Smith, KS",KS,20183,154.2,2012
"Stafford, KS",KS,20185,–,2012
"Stanton, KS",KS,20187,–,2012
"Stevens, KS",KS,20189,–,2012
"Sumner, KS",KS,20191,85.7,2012
"Thomas, KS",KS,20193,128.1,2012
"Trego, KS",KS,20195,151,2012
"Wabaunsee, KS",KS,20197,–,2012
"Wallace, KS",KS,20199,13.5,2012
"Washington, KS",KS,20201,18.6,2012
"Wichita, KS",KS,20203,–,2012
"Wilson, KS",KS,20205,120.3,2012
"Woodson, KS",KS,20207,–,2012
"Wyandotte, KS",KS,20209,81.7,2012
"Adair, KY",KY,21001,132.1,2012
"Allen, KY",KY,21003,93.5,2012
"Anderson, KY",KY,21005,127.8,2012
"Ballard, KY",KY,21007,125.5,2012
"Barren, KY",KY,21009,139.3,2012
"Bath, KY",KY,21011,40.3,2012
"Bell, KY",KY,21013,281.9,2012
"Boone, KY",KY,21015,120.2,2012
"Bourbon, KY",KY,21017,116.6,2012
"Boyd, KY",KY,21019,148.6,2012
"Boyle, KY",KY,21021,180.9,2012
"Bracken, KY",KY,21023,20.5,2012
"Breathitt, KY",KY,21025,244.6,2012
"Breckinridge, KY",KY,21027,58.6,2012
"Bullitt, KY",KY,21029,84.1,2012
"Butler, KY",KY,21031,169.5,2012
"Caldwell, KY",KY,21033,162.2,2012
"Calloway, KY",KY,21035,117.8,2012
"Campbell, KY",KY,21037,116,2012
"Carlisle, KY",KY,21039,72.7,2012
"Carroll, KY",KY,21041,199.1,2012
"Carter, KY",KY,21043,115.7,2012
"Casey, KY",KY,21045,71.6,2012
"Christian, KY",KY,21047,77.7,2012
"Clark, KY",KY,21049,145.4,2012
"Clay, KY",KY,21051,265.3,2012
"Clinton, KY",KY,21053,–,2012
"Crittenden, KY",KY,21055,142.3,2012
"Cumberland, KY",KY,21057,236.4,2012
"Daviess, KY",KY,21059,141.4,2012
"Edmonson, KY",KY,21061,106.7,2012
"Elliott, KY",KY,21063,–,2012
"Estill, KY",KY,21065,200.3,2012
"Fayette, KY",KY,21067,86.6,2012
"Fleming, KY",KY,21069,223.7,2012
"Floyd, KY",KY,21071,387.2,2012
"Franklin, KY",KY,21073,126.2,2012
"Fulton, KY",KY,21075,212.1,2012
"Gallatin, KY",KY,21077,–,2012
"Garrard, KY",KY,21079,65.5,2012
"Grant, KY",KY,21081,159.6,2012
"Graves, KY",KY,21083,98.9,2012
"Grayson, KY",KY,21085,156.6,2012
"Green, KY",KY,21087,96.5,2012
"Greenup, KY",KY,21089,123.9,2012
"Hancock, KY",KY,21091,–,2012
"Hardin, KY",KY,21093,96.9,2012
"Harlan, KY",KY,21095,171.7,2012
"Harrison, KY",KY,21097,109.7,2012
"Hart, KY",KY,21099,72.6,2012
"Henderson, KY",KY,21101,166.4,2012
"Henry, KY",KY,21103,65.6,2012
"Hickman, KY",KY,21105,85,2012
"Hopkins, KY",KY,21107,162.4,2012
"Jackson, KY",KY,21109,58.3,2012
"Jefferson, KY",KY,21111,114.3,2012
"Jessamine, KY",KY,21113,115,2012
"Johnson, KY",KY,21115,219.1,2012
"Kenton, KY",KY,21117,95.8,2012
"Knott, KY",KY,21119,89.8,2012
"Knox, KY",KY,21121,120.5,2012
"Larue, KY",KY,21123,83.4,2012
"Laurel, KY",KY,21125,150.4,2012
"Lawrence, KY",KY,21127,153,2012
"Lee, KY",KY,21129,206.4,2012
"Leslie, KY",KY,21131,235.4,2012
"Letcher, KY",KY,21133,195.9,2012
"Lewis, KY",KY,21135,38.2,2012
"Lincoln, KY",KY,21137,87.2,2012
"Livingston, KY",KY,21139,–,2012
"Logan, KY",KY,21141,91.4,2012
"Lyon, KY",KY,21143,139.3,2012
"McCracken, KY",KY,21145,225.6,2012
"McCreary, KY",KY,21147,148.2,2012
"McLean, KY",KY,21149,68.2,2012
"Madison, KY",KY,21151,114,2012
"Magoffin, KY",KY,21153,160.2,2012
"Marion, KY",KY,21155,130.1,2012
"Marshall, KY",KY,21157,132,2012
"Martin, KY",KY,21159,96.9,2012
"Mason, KY",KY,21161,129.9,2012
"Meade, KY",KY,21163,66.7,2012
"Menifee, KY",KY,21165,51,2012
"Mercer, KY",KY,21167,117.3,2012
"Metcalfe, KY",KY,21169,63.2,2012
"Monroe, KY",KY,21171,171.9,2012
"Montgomery, KY",KY,21173,199.6,2012
"Morgan, KY",KY,21175,63.5,2012
"Muhlenberg, KY",KY,21177,153,2012
"Nelson, KY",KY,21179,123.4,2012
"Nicholas, KY",KY,21181,–,2012
"Ohio, KY",KY,21183,121,2012
"Oldham, KY",KY,21185,72.4,2012
"Owen, KY",KY,21187,73.7,2012
"Owsley, KY",KY,21189,352,2012
"Pendleton, KY",KY,21191,59.8,2012
"Perry, KY",KY,21193,292.4,2012
"Pike, KY",KY,21195,306.2,2012
"Powell, KY",KY,21197,144.9,2012
"Pulaski, KY",KY,21199,139.5,2012
"Robertson, KY",KY,21201,–,2012
"Rockcastle, KY",KY,21203,104.4,2012
"Rowan, KY",KY,21205,167.5,2012
"Russell, KY",KY,21207,212.2,2012
"Scott, KY",KY,21209,97.7,2012
"Shelby, KY",KY,21211,102,2012
"Simpson, KY",KY,21213,152,2012
"Spencer, KY",KY,21215,63.5,2012
"Taylor, KY",KY,21217,137,2012
"Todd, KY",KY,21219,94.3,2012
"Trigg, KY",KY,21221,114.4,2012
"Trimble, KY",KY,21223,3.5,2012
"Union, KY",KY,21225,153.8,2012
"Warren, KY",KY,21227,127.9,2012
"Washington, KY",KY,21229,54.8,2012
"Wayne, KY",KY,21231,174,2012
"Webster, KY",KY,21233,135.6,2012
"Whitley, KY",KY,21235,364.2,2012
"Wolfe, KY",KY,21237,101.1,2012
"Woodford, KY",KY,21239,80,2012
"Acadia, LA",LA,22001,84.7,2012
"Allen, LA",LA,22003,99,2012
"Ascension, LA",LA,22005,117.1,2012
"Assumption, LA",LA,22007,39.9,2012
"Avoyelles, LA",LA,22009,134.9,2012
"Beauregard, LA",LA,22011,109.7,2012
"Bienville, LA",LA,22013,–,2012
"Bossier, LA",LA,22015,107.2,2012
"Caddo, LA",LA,22017,122.5,2012
"Calcasieu, LA",LA,22019,121.7,2012
"Caldwell, LA",LA,22021,–,2012
"Cameron, LA",LA,22023,–,2012
"Catahoula, LA",LA,22025,114.7,2012
"Claiborne, LA",LA,22027,66.8,2012
"Concordia, LA",LA,22029,63.3,2012
"De Soto, LA",LA,22031,33.3,2012
"East Baton Rouge, LA",LA,22033,118.2,2012
"East Carroll, LA",LA,22035,106.2,2012
"East Feliciana, LA",LA,22037,71.9,2012
"Evangeline, LA",LA,22039,227.8,2012
"Franklin, LA",LA,22041,102.7,2012
"Grant, LA",LA,22043,–,2012
"Iberia, LA",LA,22045,120.4,2012
"Iberville, LA",LA,22047,102.5,2012
"Jackson, LA",LA,22049,34.1,2012
"Jefferson, LA",LA,22051,124.1,2012
"Jefferson Davis, LA",LA,22053,115.8,2012
"Lafayette, LA",LA,22055,136.3,2012
"Lafourche, LA",LA,22057,107.3,2012
"La Salle, LA",LA,22059,135.9,2012
"Lincoln, LA",LA,22061,104.8,2012
"Livingston, LA",LA,22063,118.9,2012
"Madison, LA",LA,22065,–,2012
"Morehouse, LA",LA,22067,115.3,2012
"Natchitoches, LA",LA,22069,89.8,2012
"Orleans, LA",LA,22071,73.8,2012
"Ouachita, LA",LA,22073,128,2012
"Plaquemines, LA",LA,22075,–,2012
"Pointe Coupee, LA",LA,22077,98.6,2012
"Rapides, LA",LA,22079,169.5,2012
"Red River, LA",LA,22081,–,2012
"Richland, LA",LA,22083,67.8,2012
"Sabine, LA",LA,22085,101.6,2012
"St. Bernard, LA",LA,22087,143.7,2012
"St. Charles, LA",LA,22089,88.9,2012
"St. Helena, LA",LA,22091,52.1,2012
"St. James, LA",LA,22093,45.6,2012
"St. John the Baptist, LA",LA,22095,93.9,2012
"St. Landry, LA",LA,22097,161,2012
"St. Martin, LA",LA,22099,90.6,2012
"St. Mary, LA",LA,22101,139.9,2012
"St. Tammany, LA",LA,22103,135.5,2012
"Tangipahoa, LA",LA,22105,148,2012
"Tensas, LA",LA,22107,–,2012
"Terrebonne, LA",LA,22109,121.5,2012
"Union, LA",LA,22111,68.7,2012
"Vermilion, LA",LA,22113,83.2,2012
"Vernon, LA",LA,22115,87.3,2012
"Washington, LA",LA,22117,162.9,2012
"Webster, LA",LA,22119,126.1,2012
"West Baton Rouge, LA",LA,22121,82.7,2012
"West Carroll, LA",LA,22123,105.2,2012
"West Feliciana, LA",LA,22125,47.2,2012
"Winn, LA",LA,22127,33,2012
"Barnstable, MA",MA,25001,83.8,2012
"Berkshire, MA",MA,25003,89.8,2012
"Bristol, MA",MA,25005,94.6,2012
"Dukes, MA",MA,25007,80.3,2012
"Essex, MA",MA,25009,65.3,2012
"Franklin, MA",MA,25011,67.9,2012
"Hampden, MA",MA,25013,91,2012
"Hampshire, MA",MA,25015,72.8,2012
"Middlesex, MA",MA,25017,48.4,2012
"Nantucket, MA",MA,25019,48.9,2012
"Norfolk, MA",MA,25021,57.1,2012
"Plymouth, MA",MA,25023,71.7,2012
"Suffolk, MA",MA,25025,48.2,2012
"Worcester, MA",MA,25027,73.9,2012
"Allegany, MD",MD,24001,136.7,2012
"Anne Arundel, MD",MD,24003,81.9,2012
"Baltimore, MD",MD,24005,87.3,2012
"Calvert, MD",MD,24009,110.3,2012
"Caroline, MD",MD,24011,65.2,2012
"Carroll, MD",MD,24013,85.2,2012
"Cecil, MD",MD,24015,96.8,2012
"Charles, MD",MD,24017,96,2012
"Dorchester, MD",MD,24019,79.6,2012
"Frederick, MD",MD,24021,86.4,2012
"Garrett, MD",MD,24023,111.5,2012
"Harford, MD",MD,24025,91.2,2012
"Howard, MD",MD,24027,40.9,2012
"Kent, MD",MD,24029,140.3,2012
"Montgomery, MD",MD,24031,42,2012
"Prince George’s, MD",MD,24033,48.7,2012
"Queen Anne’s, MD",MD,24035,83.1,2012
"St. Mary’s, MD",MD,24037,73.5,2012
"Somerset, MD",MD,24039,59.8,2012
"Talbot, MD",MD,24041,118.7,2012
"Washington, MD",MD,24043,128.2,2012
"Wicomico, MD",MD,24045,108.4,2012
"Worcester, MD",MD,24047,103.9,2012
"Baltimore City, MD",MD,24510,72.2,2012
"Androscoggin, ME",ME,23001,102.2,2012
"Aroostook, ME",ME,23003,83.2,2012
"Cumberland, ME",ME,23005,78.7,2012
"Franklin, ME",ME,23007,76.7,2012
"Hancock, ME",ME,23009,85.3,2012
"Kennebec, ME",ME,23011,120.7,2012
"Knox, ME",ME,23013,76.2,2012
"Lincoln, ME",ME,23015,72.6,2012
"Oxford, ME",ME,23017,91.7,2012
"Penobscot, ME",ME,23019,107.7,2012
"Piscataquis, ME",ME,23021,111.1,2012
"Sagadahoc, ME",ME,23023,87.6,2012
"Somerset, ME",ME,23025,87.7,2012
"Waldo, ME",ME,23027,66.5,2012
"Washington, ME",ME,23029,80,2012
"York, ME",ME,23031,81.3,2012
"Alcona, MI",MI,26001,34,2012
"Alger, MI",MI,26003,85.5,2012
"Allegan, MI",MI,26005,59.3,2012
"Alpena, MI",MI,26007,139.7,2012
"Antrim, MI",MI,26009,52.9,2012
"Arenac, MI",MI,26011,132.9,2012
"Baraga, MI",MI,26013,109.3,2012
"Barry, MI",MI,26015,53.8,2012
"Bay, MI",MI,26017,105,2012
"Benzie, MI",MI,26019,85.4,2012
"Berrien, MI",MI,26021,119.3,2012
"Branch, MI",MI,26023,94.3,2012
"Calhoun, MI",MI,26025,122.1,2012
"Cass, MI",MI,26027,45,2012
"Charlevoix, MI",MI,26029,102.7,2012
"Cheboygan, MI",MI,26031,145.1,2012
"Chippewa, MI",MI,26033,85,2012
"Clare, MI",MI,26035,156.7,2012
"Clinton, MI",MI,26037,42.6,2012
"Crawford, MI",MI,26039,116.4,2012
"Delta, MI",MI,26041,123.7,2012
"Dickinson, MI",MI,26043,142.2,2012
"Eaton, MI",MI,26045,107.6,2012
"Emmet, MI",MI,26047,138,2012
"Genesee, MI",MI,26049,134,2012
"Gladwin, MI",MI,26051,125.1,2012
"Gogebic, MI",MI,26053,132.8,2012
"Grand Traverse, MI",MI,26055,148.1,2012
"Gratiot, MI",MI,26057,92.5,2012
"Hillsdale, MI",MI,26059,80.6,2012
"Houghton, MI",MI,26061,32,2012
"Huron, MI",MI,26063,74.3,2012
"Ingham, MI",MI,26065,93.5,2012
"Ionia, MI",MI,26067,75.3,2012
"Iosco, MI",MI,26069,160.5,2012
"Iron, MI",MI,26071,118.2,2012
"Isabella, MI",MI,26073,91.1,2012
"Jackson, MI",MI,26075,104.5,2012
"Kalamazoo, MI",MI,26077,96.3,2012
"Kalkaska, MI",MI,26079,127.6,2012
"Kent, MI",MI,26081,90.2,2012
"Keweenaw, MI",MI,26083,–,2012
"Lake, MI",MI,26085,–,2012
"Lapeer, MI",MI,26087,89.1,2012
"Leelanau, MI",MI,26089,25.9,2012
"Lenawee, MI",MI,26091,86.9,2012
"Livingston, MI",MI,26093,72.2,2012
"Luce, MI",MI,26095,140.8,2012
"Mackinac, MI",MI,26097,97.3,2012
"Macomb, MI",MI,26099,116.8,2012
"Manistee, MI",MI,26101,121.5,2012
"Marquette, MI",MI,26103,87.7,2012
"Mason, MI",MI,26105,170.3,2012
"Mecosta, MI",MI,26107,109.5,2012
"Menominee, MI",MI,26109,70.7,2012
"Midland, MI",MI,26111,90.3,2012
"Missaukee, MI",MI,26113,21.9,2012
"Monroe, MI",MI,26115,108.6,2012
"Montcalm, MI",MI,26117,127.9,2012
"Montmorency, MI",MI,26119,68.3,2012
"Muskegon, MI",MI,26121,155.1,2012
"Newaygo, MI",MI,26123,144.6,2012
"Oakland, MI",MI,26125,87.1,2012
"Oceana, MI",MI,26127,48.4,2012
"Ogemaw, MI",MI,26129,164.4,2012
"Ontonagon, MI",MI,26131,45.6,2012
"Osceola, MI",MI,26133,97.7,2012
"Oscoda, MI",MI,26135,154,2012
"Otsego, MI",MI,26137,174.1,2012
"Ottawa, MI",MI,26139,68,2012
"Presque Isle, MI",MI,26141,58.3,2012
"Roscommon, MI",MI,26143,207.5,2012
"Saginaw, MI",MI,26145,108.7,2012
"St. Clair, MI",MI,26147,109,2012
"St. Joseph, MI",MI,26149,129.1,2012
"Sanilac, MI",MI,26151,51.2,2012
"Schoolcraft, MI",MI,26153,107.6,2012
"Shiawassee, MI",MI,26155,107,2012
"Tuscola, MI",MI,26157,79.8,2012
"Van Buren, MI",MI,26159,110.4,2012
"Washtenaw, MI",MI,26161,60.8,2012
"Wayne, MI",MI,26163,106.9,2012
"Wexford, MI",MI,26165,182.8,2012
"Aitkin, MN",MN,27001,122.9,2012
"Anoka, MN",MN,27003,65.3,2012
"Becker, MN",MN,27005,71.6,2012
"Beltrami, MN",MN,27007,89.1,2012
"Benton, MN",MN,27009,51.1,2012
"Big Stone, MN",MN,27011,129.1,2012
"Blue Earth, MN",MN,27013,78.9,2012
"Brown, MN",MN,27015,82.1,2012
"Carlton, MN",MN,27017,113.3,2012
"Carver, MN",MN,27019,52.1,2012
"Cass, MN",MN,27021,52.1,2012
"Chippewa, MN",MN,27023,74.2,2012
"Chisago, MN",MN,27025,29.5,2012
"Clay, MN",MN,27027,67.9,2012
"Clearwater, MN",MN,27029,89.3,2012
"Cook, MN",MN,27031,–,2012
"Cottonwood, MN",MN,27033,82.1,2012
"Crow Wing, MN",MN,27035,74.4,2012
"Dakota, MN",MN,27037,63.8,2012
"Dodge, MN",MN,27039,21.9,2012
"Douglas, MN",MN,27041,109.3,2012
"Faribault, MN",MN,27043,53.3,2012
"Fillmore, MN",MN,27045,23.1,2012
"Freeborn, MN",MN,27047,40.1,2012
"Goodhue, MN",MN,27049,57.9,2012
"Grant, MN",MN,27051,52.5,2012
"Hennepin, MN",MN,27053,54.3,2012
"Houston, MN",MN,27055,0.5,2012
"Hubbard, MN",MN,27057,76.4,2012
"Isanti, MN",MN,27059,60.5,2012
"Itasca, MN",MN,27061,95.1,2012
"Jackson, MN",MN,27063,34.2,2012
"Kanabec, MN",MN,27065,78.3,2012
"Kandiyohi, MN",MN,27067,75.3,2012
"Kittson, MN",MN,27069,38.5,2012
"Koochiching, MN",MN,27071,74.8,2012
"Lac qui Parle, MN",MN,27073,57.6,2012
"Lake, MN",MN,27075,–,2012
"Lake of the Woods, MN",MN,27077,84.4,2012
"Le Sueur, MN",MN,27079,25.2,2012
"Lincoln, MN",MN,27081,54.4,2012
"Lyon, MN",MN,27083,48.8,2012
"McLeod, MN",MN,27085,77.9,2012
"Mahnomen, MN",MN,27087,73,2012
"Marshall, MN",MN,27089,32,2012
"Martin, MN",MN,27091,103.3,2012
"Meeker, MN",MN,27093,49.4,2012
"Mille Lacs, MN",MN,27095,93.3,2012
"Morrison, MN",MN,27097,77.2,2012
"Mower, MN",MN,27099,55.6,2012
"Murray, MN",MN,27101,37,2012
"Nicollet, MN",MN,27103,28.2,2012
"Nobles, MN",MN,27105,60.3,2012
"Norman, MN",MN,27107,49.8,2012
"Olmsted, MN",MN,27109,44.7,2012
"Otter Tail, MN",MN,27111,62.6,2012
"Pennington, MN",MN,27113,91.8,2012
"Pine, MN",MN,27115,60.7,2012
"Pipestone, MN",MN,27117,81.8,2012
"Polk, MN",MN,27119,62,2012
"Pope, MN",MN,27121,64.8,2012
"Ramsey, MN",MN,27123,56.3,2012
"Red Lake, MN",MN,27125,41.1,2012
"Redwood, MN",MN,27127,54.5,2012
"Renville, MN",MN,27129,27.9,2012
"Rice, MN",MN,27131,63,2012
"Rock, MN",MN,27133,47.5,2012
"Roseau, MN",MN,27135,56.3,2012
"St. Louis, MN",MN,27137,92,2012
"Scott, MN",MN,27139,44.4,2012
"Sherburne, MN",MN,27141,54.9,2012
"Sibley, MN",MN,27143,28.6,2012
"Stearns, MN",MN,27145,65.5,2012
"Steele, MN",MN,27147,64.2,2012
"Stevens, MN",MN,27149,52.3,2012
"Swift, MN",MN,27151,64.1,2012
"Todd, MN",MN,27153,30.3,2012
"Traverse, MN",MN,27155,47.8,2012
"Wabasha, MN",MN,27157,–,2012
"Wadena, MN",MN,27159,180.1,2012
"Waseca, MN",MN,27161,51.3,2012
"Washington, MN",MN,27163,68.8,2012
"Watonwan, MN",MN,27165,42.4,2012
"Wilkin, MN",MN,27167,89.2,2012
"Winona, MN",MN,27169,68.4,2012
"Wright, MN",MN,27171,61.3,2012
"Yellow Medicine, MN",MN,27173,41.7,2012
"Adair, MO",MO,29001,146.3,2012
"Andrew, MO",MO,29003,–,2012
"Atchison, MO",MO,29005,48.1,2012
"Audrain, MO",MO,29007,89.8,2012
"Barry, MO",MO,29009,107.7,2012
"Barton, MO",MO,29011,54.4,2012
"Bates, MO",MO,29013,41.4,2012
"Benton, MO",MO,29015,110.5,2012
"Bollinger, MO",MO,29017,89.7,2012
"Boone, MO",MO,29019,58.5,2012
"Buchanan, MO",MO,29021,149.9,2012
"Butler, MO",MO,29023,261.4,2012
"Caldwell, MO",MO,29025,–,2012
"Callaway, MO",MO,29027,45.7,2012
"Camden, MO",MO,29029,144.8,2012
"Cape Girardeau, MO",MO,29031,135.3,2012
"Carroll, MO",MO,29033,124.4,2012
"Carter, MO",MO,29035,–,2012
"Cass, MO",MO,29037,124.2,2012
"Cedar, MO",MO,29039,–,2012
"Chariton, MO",MO,29041,–,2012
"Christian, MO",MO,29043,102.7,2012
"Clark, MO",MO,29045,–,2012
"Clay, MO",MO,29047,104.2,2012
"Clinton, MO",MO,29049,44,2012
"Cole, MO",MO,29051,143.4,2012
"Cooper, MO",MO,29053,44.6,2012
"Crawford, MO",MO,29055,64.4,2012
"Dade, MO",MO,29057,54.3,2012
"Dallas, MO",MO,29059,28.5,2012
"Daviess, MO",MO,29061,35.4,2012
"DeKalb, MO",MO,29063,–,2012
"Dent, MO",MO,29065,119.1,2012
"Douglas, MO",MO,29067,77,2012
"Dunklin, MO",MO,29069,161.8,2012
"Franklin, MO",MO,29071,117.2,2012
"Gasconade, MO",MO,29073,28.6,2012
"Gentry, MO",MO,29075,44.3,2012
"Greene, MO",MO,29077,143.1,2012
"Grundy, MO",MO,29079,144.6,2012
"Harrison, MO",MO,29081,115.8,2012
"Henry, MO",MO,29083,141.3,2012
"Hickory, MO",MO,29085,–,2012
"Holt, MO",MO,29087,–,2012
"Howard, MO",MO,29089,–,2012
"Howell, MO",MO,29091,200.7,2012
"Iron, MO",MO,29093,59.3,2012
"Jackson, MO",MO,29095,95.2,2012
"Jasper, MO",MO,29097,167.6,2012
"Jefferson, MO",MO,29099,90.5,2012
"Johnson, MO",MO,29101,44.9,2012
"Knox, MO",MO,29103,–,2012
"Laclede, MO",MO,29105,144.4,2012
"Lafayette, MO",MO,29107,10,2012
"Lawrence, MO",MO,29109,56.3,2012
"Lewis, MO",MO,29111,47.2,2012
"Lincoln, MO",MO,29113,94.9,2012
"Linn, MO",MO,29115,68.2,2012
"Livingston, MO",MO,29117,179,2012
"McDonald, MO",MO,29119,38.1,2012
"Macon, MO",MO,29121,46.4,2012
"Madison, MO",MO,29123,133.5,2012
"Maries, MO",MO,29125,–,2012
"Marion, MO",MO,29127,134.1,2012
"Mercer, MO",MO,29129,78.2,2012
"Miller, MO",MO,29131,81.4,2012
"Mississippi, MO",MO,29133,88.7,2012
"Moniteau, MO",MO,29135,5.8,2012
"Monroe, MO",MO,29137,–,2012
"Montgomery, MO",MO,29139,90.8,2012
"Morgan, MO",MO,29141,28,2012
"New Madrid, MO",MO,29143,66.5,2012
"Newton, MO",MO,29145,50.6,2012
"Nodaway, MO",MO,29147,73.6,2012
"Oregon, MO",MO,29149,34,2012
"Osage, MO",MO,29151,15.3,2012
"Ozark, MO",MO,29153,61.1,2012
"Pemiscot, MO",MO,29155,171.8,2012
"Perry, MO",MO,29157,74.9,2012
"Pettis, MO",MO,29159,94.4,2012
"Phelps, MO",MO,29161,171.7,2012
"Pike, MO",MO,29163,64.9,2012
"Platte, MO",MO,29165,85.8,2012
"Polk, MO",MO,29167,177.7,2012
"Pulaski, MO",MO,29169,62.8,2012
"Putnam, MO",MO,29171,–,2012
"Ralls, MO",MO,29173,–,2012
"Randolph, MO",MO,29175,117.9,2012
"Ray, MO",MO,29177,46.7,2012
"Reynolds, MO",MO,29179,–,2012
"Ripley, MO",MO,29181,195.1,2012
"St. Charles, MO",MO,29183,90.9,2012
"St. Clair, MO",MO,29185,–,2012
"Ste. Genevieve, MO",MO,29186,48.2,2012
"St. Francois, MO",MO,29187,188.4,2012
"St. Louis, MO",MO,29189,80.7,2012
"Saline, MO",MO,29195,31.1,2012
"Schuyler, MO",MO,29197,–,2012
"Scotland, MO",MO,29199,9,2012
"Scott, MO",MO,29201,156.4,2012
"Shannon, MO",MO,29203,–,2012
"Shelby, MO",MO,29205,38,2012
"Stoddard, MO",MO,29207,113.9,2012
"Stone, MO",MO,29209,95.6,2012
"Sullivan, MO",MO,29211,–,2012
"Taney, MO",MO,29213,130.1,2012
"Texas, MO",MO,29215,63.2,2012
"Vernon, MO",MO,29217,124.5,2012
"Warren, MO",MO,29219,82.2,2012
"Washington, MO",MO,29221,126,2012
"Wayne, MO",MO,29223,23.9,2012
"Webster, MO",MO,29225,115.3,2012
"Worth, MO",MO,29227,–,2012
"Wright, MO",MO,29229,154.9,2012
"St. Louis City, MO",MO,29510,68,2012
"Adams, MS",MS,28001,222.4,2012
"Alcorn, MS",MS,28003,249,2012
"Amite, MS",MS,28005,62.7,2012
"Attala, MS",MS,28007,135.6,2012
"Benton, MS",MS,28009,84.5,2012
"Bolivar, MS",MS,28011,106.5,2012
"Calhoun, MS",MS,28013,69.7,2012
"Carroll, MS",MS,28015,–,2012
"Chickasaw, MS",MS,28017,116.8,2012
"Choctaw, MS",MS,28019,–,2012
"Claiborne, MS",MS,28021,88.3,2012
"Clarke, MS",MS,28023,98.6,2012
"Clay, MS",MS,28025,145.3,2012
"Coahoma, MS",MS,28027,81.6,2012
"Copiah, MS",MS,28029,110.3,2012
"Covington, MS",MS,28031,95.5,2012
"DeSoto, MS",MS,28033,116.7,2012
"Forrest, MS",MS,28035,270.4,2012
"Franklin, MS",MS,28037,101.5,2012
"George, MS",MS,28039,187.5,2012
"Greene, MS",MS,28041,10.3,2012
"Grenada, MS",MS,28043,172.7,2012
"Hancock, MS",MS,28045,106.3,2012
"Harrison, MS",MS,28047,151.6,2012
"Hinds, MS",MS,28049,81,2012
"Holmes, MS",MS,28051,37.7,2012
"Humphreys, MS",MS,28053,52.7,2012
"Issaquena, MS",MS,28055,–,2012
"Itawamba, MS",MS,28057,132.8,2012
"Jackson, MS",MS,28059,141.8,2012
"Jasper, MS",MS,28061,–,2012
"Jefferson, MS",MS,28063,–,2012
"Jefferson Davis, MS",MS,28065,143.4,2012
"Jones, MS",MS,28067,177.5,2012
"Kemper, MS",MS,28069,–,2012
"Lafayette, MS",MS,28071,94.1,2012
"Lamar, MS",MS,28073,42.4,2012
"Lauderdale, MS",MS,28075,176.5,2012
"Lawrence, MS",MS,28077,124.9,2012
"Leake, MS",MS,28079,77.5,2012
"Lee, MS",MS,28081,151.2,2012
"Leflore, MS",MS,28083,97.6,2012
"Lincoln, MS",MS,28085,142,2012
"Lowndes, MS",MS,28087,173.9,2012
"Madison, MS",MS,28089,77.6,2012
"Marion, MS",MS,28091,246.4,2012
"Marshall, MS",MS,28093,43.8,2012
"Monroe, MS",MS,28095,119.2,2012
"Montgomery, MS",MS,28097,63.5,2012
"Neshoba, MS",MS,28099,218.9,2012
"Newton, MS",MS,28101,48.2,2012
"Noxubee, MS",MS,28103,102.4,2012
"Oktibbeha, MS",MS,28105,81.3,2012
"Panola, MS",MS,28107,124.3,2012
"Pearl River, MS",MS,28109,155.2,2012
"Perry, MS",MS,28111,58.9,2012
"Pike, MS",MS,28113,178.3,2012
"Pontotoc, MS",MS,28115,128.6,2012
"Prentiss, MS",MS,28117,146.6,2012
"Quitman, MS",MS,28119,–,2012
"Rankin, MS",MS,28121,113,2012
"Scott, MS",MS,28123,109,2012
"Sharkey, MS",MS,28125,–,2012
"Simpson, MS",MS,28127,157.1,2012
"Smith, MS",MS,28129,31.6,2012
"Stone, MS",MS,28131,147.8,2012
"Sunflower, MS",MS,28133,55,2012
"Tallahatchie, MS",MS,28135,9.5,2012
"Tate, MS",MS,28137,134.3,2012
"Tippah, MS",MS,28139,138.3,2012
"Tishomingo, MS",MS,28141,139.5,2012
"Tunica, MS",MS,28143,–,2012
"Union, MS",MS,28145,135.3,2012
"Walthall, MS",MS,28147,53.2,2012
"Warren, MS",MS,28149,137.6,2012
"Washington, MS",MS,28151,95.6,2012
"Wayne, MS",MS,28153,196.2,2012
"Webster, MS",MS,28155,124.1,2012
"Wilkinson, MS",MS,28157,22.4,2012
"Winston, MS",MS,28159,112.6,2012
"Yalobusha, MS",MS,28161,55.5,2012
"Yazoo, MS",MS,28163,71.6,2012
"Beaverhead, MT",MT,30001,80.5,2012
"Big Horn, MT",MT,30003,–,2012
"Blaine, MT",MT,30005,47.9,2012
"Broadwater, MT",MT,30007,34.7,2012
"Carbon, MT",MT,30009,–,2012
"Carter, MT",MT,30011,–,2012
"Cascade, MT",MT,30013,121.6,2012
"Chouteau, MT",MT,30015,46.2,2012
"Custer, MT",MT,30017,123.2,2012
"Daniels, MT",MT,30019,–,2012
"Dawson, MT",MT,30021,84.2,2012
"Deer Lodge, MT",MT,30023,94.2,2012
"Fallon, MT",MT,30025,–,2012
"Fergus, MT",MT,30027,75.1,2012
"Flathead, MT",MT,30029,118.2,2012
"Gallatin, MT",MT,30031,57.7,2012
"Garfield, MT",MT,30033,–,2012
"Glacier, MT",MT,30035,56.5,2012
"Golden Valley, MT",MT,30037,–,2012
"Granite, MT",MT,30039,–,2012
"Hill, MT",MT,30041,91.7,2012
"Jefferson, MT",MT,30043,15.1,2012
"Judith Basin, MT",MT,30045,–,2012
"Lake, MT",MT,30047,94.4,2012
"Lewis and Clark, MT",MT,30049,88.7,2012
"Liberty, MT",MT,30051,–,2012
"Lincoln, MT",MT,30053,135,2012
"McCone, MT",MT,30055,–,2012
"Madison, MT",MT,30057,26.9,2012
"Meagher, MT",MT,30059,81,2012
"Mineral, MT",MT,30061,96.9,2012
"Missoula, MT",MT,30063,112.9,2012
"Musselshell, MT",MT,30065,–,2012
"Park, MT",MT,30067,48.4,2012
"Petroleum, MT",MT,30069,–,2012
"Phillips, MT",MT,30071,78.8,2012
"Pondera, MT",MT,30073,–,2012
"Powder River, MT",MT,30075,71,2012
"Powell, MT",MT,30077,78.2,2012
"Prairie, MT",MT,30079,–,2012
"Ravalli, MT",MT,30081,93.5,2012
"Richland, MT",MT,30083,69.3,2012
"Roosevelt, MT",MT,30085,24.4,2012
"Rosebud, MT",MT,30087,42.6,2012
"Sanders, MT",MT,30089,100.9,2012
"Sheridan, MT",MT,30091,–,2012
"Silver Bow, MT",MT,30093,117,2012
"Stillwater, MT",MT,30095,9.1,2012
"Sweet Grass, MT",MT,30097,–,2012
"Teton, MT",MT,30099,92.6,2012
"Toole, MT",MT,30101,54.1,2012
"Treasure, MT",MT,30103,–,2012
"Valley, MT",MT,30105,55.8,2012
"Wheatland, MT",MT,30107,–,2012
"Wibaux, MT",MT,30109,–,2012
"Yellowstone, MT",MT,30111,106.5,2012
"Alamance, NC",NC,37001,104.4,2012
"Alexander, NC",NC,37003,28.4,2012
"Alleghany, NC",NC,37005,101.2,2012
"Anson, NC",NC,37007,86.7,2012
"Ashe, NC",NC,37009,105.5,2012
"Avery, NC",NC,37011,109.9,2012
"Beaufort, NC",NC,37013,156.1,2012
"Bertie, NC",NC,37015,63,2012
"Bladen, NC",NC,37017,107.7,2012
"Brunswick, NC",NC,37019,125.9,2012
"Buncombe, NC",NC,37021,105.3,2012
"Burke, NC",NC,37023,175.2,2012
"Cabarrus, NC",NC,37025,116.6,2012
"Caldwell, NC",NC,37027,154.5,2012
"Camden, NC",NC,37029,–,2012
"Carteret, NC",NC,37031,118.2,2012
"Caswell, NC",NC,37033,5.8,2012
"Catawba, NC",NC,37035,152.8,2012
"Chatham, NC",NC,37037,50.4,2012
"Cherokee, NC",NC,37039,151.7,2012
"Chowan, NC",NC,37041,114.8,2012
"Clay, NC",NC,37043,122.2,2012
"Cleveland, NC",NC,37045,159.2,2012
"Columbus, NC",NC,37047,191.8,2012
"Craven, NC",NC,37049,178.8,2012
"Cumberland, NC",NC,37051,103.1,2012
"Currituck, NC",NC,37053,21.2,2012
"Dare, NC",NC,37055,142.5,2012
"Davidson, NC",NC,37057,96.5,2012
"Davie, NC",NC,37059,114.2,2012
"Duplin, NC",NC,37061,92.6,2012
"Durham, NC",NC,37063,63.6,2012
"Edgecombe, NC",NC,37065,55.7,2012
"Forsyth, NC",NC,37067,101.3,2012
"Franklin, NC",NC,37069,64.1,2012
"Gaston, NC",NC,37071,148.7,2012
"Gates, NC",NC,37073,–,2012
"Graham, NC",NC,37075,124.5,2012
"Granville, NC",NC,37077,81.1,2012
"Greene, NC",NC,37079,36.2,2012
"Guilford, NC",NC,37081,94.2,2012
"Halifax, NC",NC,37083,131.6,2012
"Harnett, NC",NC,37085,84.5,2012
"Haywood, NC",NC,37087,123.8,2012
"Henderson, NC",NC,37089,107,2012
"Hertford, NC",NC,37091,131.6,2012
"Hoke, NC",NC,37093,49,2012
"Hyde, NC",NC,37095,–,2012
"Iredell, NC",NC,37097,122.1,2012
"Jackson, NC",NC,37099,102,2012
"Johnston, NC",NC,37101,77.3,2012
"Jones, NC",NC,37103,–,2012
"Lee, NC",NC,37105,159,2012
"Lenoir, NC",NC,37107,107.6,2012
"Lincoln, NC",NC,37109,134,2012
"McDowell, NC",NC,37111,93.3,2012
"Macon, NC",NC,37113,120.6,2012
"Madison, NC",NC,37115,74.3,2012
"Martin, NC",NC,37117,92.5,2012
"Mecklenburg, NC",NC,37119,68.7,2012
"Mitchell, NC",NC,37121,149,2012
"Montgomery, NC",NC,37123,79.4,2012
"Moore, NC",NC,37125,122.5,2012
"Nash, NC",NC,37127,112.9,2012
"New Hanover, NC",NC,37129,120.7,2012
"Northampton, NC",NC,37131,–,2012
"Onslow, NC",NC,37133,94.1,2012
"Orange, NC",NC,37135,47.3,2012
"Pamlico, NC",NC,37137,67.4,2012
"Pasquotank, NC",NC,37139,146.5,2012
"Pender, NC",NC,37141,48.4,2012
"Perquimans, NC",NC,37143,45.5,2012
"Person, NC",NC,37145,110.6,2012
"Pitt, NC",NC,37147,99.4,2012
"Polk, NC",NC,37149,56.6,2012
"Randolph, NC",NC,37151,83.9,2012
"Richmond, NC",NC,37153,170.2,2012
"Robeson, NC",NC,37155,132,2012
"Rockingham, NC",NC,37157,166.3,2012
"Rowan, NC",NC,37159,103.4,2012
"Rutherford, NC",NC,37161,106.5,2012
"Sampson, NC",NC,37163,93.6,2012
"Scotland, NC",NC,37165,175,2012
"Stanly, NC",NC,37167,140.3,2012
"Stokes, NC",NC,37169,96.9,2012
"Surry, NC",NC,37171,187,2012
"Swain, NC",NC,37173,83,2012
"Transylvania, NC",NC,37175,119.5,2012
"Tyrrell, NC",NC,37177,–,2012
"Union, NC",NC,37179,77.3,2012
"Vance, NC",NC,37181,148.2,2012
"Wake, NC",NC,37183,65.1,2012
"Warren, NC",NC,37185,29.9,2012
"Washington, NC",NC,37187,74.4,2012
"Watauga, NC",NC,37189,92.1,2012
"Wayne, NC",NC,37191,88.6,2012
"Wilkes, NC",NC,37193,108.4,2012
"Wilson, NC",NC,37195,108.5,2012
"Yadkin, NC",NC,37197,90.8,2012
"Yancey, NC",NC,37199,95.3,2012
"Adams, ND",ND,38001,148.6,2012
"Barnes, ND",ND,38003,90.9,2012
"Benson, ND",ND,38005,5.6,2012
"Billings, ND",ND,38007,–,2012
"Bottineau, ND",ND,38009,49.3,2012
"Bowman, ND",ND,38011,71.1,2012
"Burke, ND",ND,38013,–,2012
"Burleigh, ND",ND,38015,86,2012
"Cass, ND",ND,38017,46.4,2012
"Cavalier, ND",ND,38019,–,2012
"Dickey, ND",ND,38021,86.5,2012
"Divide, ND",ND,38023,–,2012
"Dunn, ND",ND,38025,41.4,2012
"Eddy, ND",ND,38027,103.8,2012
"Emmons, ND",ND,38029,80.1,2012
"Foster, ND",ND,38031,105.5,2012
"Golden Valley, ND",ND,38033,–,2012
"Grand Forks, ND",ND,38035,69.5,2012
"Grant, ND",ND,38037,–,2012
"Griggs, ND",ND,38039,–,2012
"Hettinger, ND",ND,38041,26.4,2012
"Kidder, ND",ND,38043,49.4,2012
"LaMoure, ND",ND,38045,43,2012
"Logan, ND",ND,38047,–,2012
"McHenry, ND",ND,38049,–,2012
"McIntosh, ND",ND,38051,50.9,2012
"McKenzie, ND",ND,38053,73.3,2012
"McLean, ND",ND,38055,53.5,2012
"Mercer, ND",ND,38057,80.4,2012
"Morton, ND",ND,38059,57.1,2012
"Mountrail, ND",ND,38061,17.2,2012
"Nelson, ND",ND,38063,–,2012
"Oliver, ND",ND,38065,–,2012
"Pembina, ND",ND,38067,67,2012
"Pierce, ND",ND,38069,106.5,2012
"Ramsey, ND",ND,38071,153.3,2012
"Ransom, ND",ND,38073,93.9,2012
"Renville, ND",ND,38075,38.3,2012
"Richland, ND",ND,38077,41,2012
"Rolette, ND",ND,38079,5.4,2012
"Sargent, ND",ND,38081,–,2012
"Sheridan, ND",ND,38083,–,2012
"Sioux, ND",ND,38085,–,2012
"Slope, ND",ND,38087,–,2012
"Stark, ND",ND,38089,89.1,2012
"Steele, ND",ND,38091,–,2012
"Stutsman, ND",ND,38093,97.8,2012
"Towner, ND",ND,38095,–,2012
"Traill, ND",ND,38097,–,2012
"Walsh, ND",ND,38099,55.3,2012
"Ward, ND",ND,38101,82,2012
"Wells, ND",ND,38103,–,2012
"Williams, ND",ND,38105,83.9,2012
"Adams, NE",NE,31001,89.7,2012
"Antelope, NE",NE,31003,57.2,2012
"Arthur, NE",NE,31005,–,2012
"Banner, NE",NE,31007,–,2012
"Blaine, NE",NE,31009,–,2012
"Boone, NE",NE,31011,–,2012
"Box Butte, NE",NE,31013,65.8,2012
"Boyd, NE",NE,31015,–,2012
"Brown, NE",NE,31017,51.7,2012
"Buffalo, NE",NE,31019,81.8,2012
"Burt, NE",NE,31021,41.9,2012
"Butler, NE",NE,31023,73.7,2012
"Cass, NE",NE,31025,20.7,2012
"Cedar, NE",NE,31027,37.4,2012
"Chase, NE",NE,31029,106.8,2012
"Cherry, NE",NE,31031,64.7,2012
"Cheyenne, NE",NE,31033,77.9,2012
"Clay, NE",NE,31035,–,2012
"Colfax, NE",NE,31037,–,2012
"Cuming, NE",NE,31039,20.7,2012
"Custer, NE",NE,31041,82.1,2012
"Dakota, NE",NE,31043,76.2,2012
"Dawes, NE",NE,31045,79,2012
"Dawson, NE",NE,31047,49.6,2012
"Deuel, NE",NE,31049,–,2012
"Dixon, NE",NE,31051,11.7,2012
"Dodge, NE",NE,31053,111.8,2012
"Douglas, NE",NE,31055,79.5,2012
"Dundy, NE",NE,31057,128.8,2012
"Fillmore, NE",NE,31059,–,2012
"Franklin, NE",NE,31061,19.5,2012
"Frontier, NE",NE,31063,–,2012
"Furnas, NE",NE,31065,–,2012
"Gage, NE",NE,31067,88.1,2012
"Garden, NE",NE,31069,99.8,2012
"Garfield, NE",NE,31071,–,2012
"Gosper, NE",NE,31073,–,2012
"Grant, NE",NE,31075,–,2012
"Greeley, NE",NE,31077,–,2012
"Hall, NE",NE,31079,96.1,2012
"Hamilton, NE",NE,31081,61.5,2012
"Harlan, NE",NE,31083,78.8,2012
"Hayes, NE",NE,31085,–,2012
"Hitchcock, NE",NE,31087,–,2012
"Holt, NE",NE,31089,69.2,2012
"Hooker, NE",NE,31091,–,2012
"Howard, NE",NE,31093,83.2,2012
"Jefferson, NE",NE,31095,91.5,2012
"Johnson, NE",NE,31097,14.9,2012
"Kearney, NE",NE,31099,69.2,2012
"Keith, NE",NE,31101,143.6,2012
"Keya Paha, NE",NE,31103,–,2012
"Kimball, NE",NE,31105,–,2012
"Knox, NE",NE,31107,30.6,2012
"Lancaster, NE",NE,31109,72.7,2012
"Lincoln, NE",NE,31111,109.3,2012
"Logan, NE",NE,31113,–,2012
"Loup, NE",NE,31115,–,2012
"McPherson, NE",NE,31117,–,2012
"Madison, NE",NE,31119,106.2,2012
"Merrick, NE",NE,31121,69.4,2012
"Morrill, NE",NE,31123,40.7,2012
"Nance, NE",NE,31125,–,2012
"Nemaha, NE",NE,31127,105.5,2012
"Nuckolls, NE",NE,31129,146.4,2012
"Otoe, NE",NE,31131,99.6,2012
"Pawnee, NE",NE,31133,109.9,2012
"Perkins, NE",NE,31135,–,2012
"Phelps, NE",NE,31137,104.8,2012
"Pierce, NE",NE,31139,32.1,2012
"Platte, NE",NE,31141,84.6,2012
"Polk, NE",NE,31143,32.3,2012
"Red Willow, NE",NE,31145,120.4,2012
"Richardson, NE",NE,31147,58.1,2012
"Rock, NE",NE,31149,–,2012
"Saline, NE",NE,31151,61.7,2012
"Sarpy, NE",NE,31153,66.8,2012
"Saunders, NE",NE,31155,52,2012
"Scotts Bluff, NE",NE,31157,113.3,2012
"Seward, NE",NE,31159,48.8,2012
"Sheridan, NE",NE,31161,4.9,2012
"Sherman, NE",NE,31163,–,2012
"Sioux, NE",NE,31165,–,2012
"Stanton, NE",NE,31167,–,2012
"Thayer, NE",NE,31169,–,2012
"Thomas, NE",NE,31171,–,2012
"Thurston, NE",NE,31173,33.5,2012
"Valley, NE",NE,31175,–,2012
"Washington, NE",NE,31177,66.3,2012
"Wayne, NE",NE,31179,48.8,2012
"Webster, NE",NE,31181,–,2012
"Wheeler, NE",NE,31183,–,2012
"York, NE",NE,31185,111.1,2012
"Belknap, NH",NH,33001,93.4,2012
"Carroll, NH",NH,33003,96,2012
"Cheshire, NH",NH,33005,84.8,2012
"Coos, NH",NH,33007,93.3,2012
"Grafton, NH",NH,33009,94,2012
"Hillsborough, NH",NH,33011,75.3,2012
"Merrimack, NH",NH,33013,90.3,2012
"Rockingham, NH",NH,33015,77,2012
"Strafford, NH",NH,33017,102,2012
"Sullivan, NH",NH,33019,76.9,2012
"Atlantic, NJ",NJ,34001,85.7,2012
"Bergen, NJ",NJ,34003,48.2,2012
"Burlington, NJ",NJ,34005,72.4,2012
"Camden, NJ",NJ,34007,92.9,2012
"Cape May, NJ",NJ,34009,101.1,2012
"Cumberland, NJ",NJ,34011,100.7,2012
"Essex, NJ",NJ,34013,43.7,2012
"Gloucester, NJ",NJ,34015,87.1,2012
"Hudson, NJ",NJ,34017,37.7,2012
"Hunterdon, NJ",NJ,34019,50.1,2012
"Mercer, NJ",NJ,34021,60.3,2012
"Middlesex, NJ",NJ,34023,51.5,2012
"Monmouth, NJ",NJ,34025,66.9,2012
"Morris, NJ",NJ,34027,49.2,2012
"Ocean, NJ",NJ,34029,81.9,2012
"Passaic, NJ",NJ,34031,50.5,2012
"Salem, NJ",NJ,34033,79.9,2012
"Somerset, NJ",NJ,34035,42,2012
"Sussex, NJ",NJ,34037,67,2012
"Union, NJ",NJ,34039,49.2,2012
"Warren, NJ",NJ,34041,78.7,2012
"Bernalillo, NM",NM,35001,80.1,2012
"Catron, NM",NM,35003,–,2012
"Chaves, NM",NM,35005,102,2012
"Cibola, NM",NM,35006,24.2,2012
"Colfax, NM",NM,35007,39.9,2012
"Curry, NM",NM,35009,95,2012
"De Baca, NM",NM,35011,–,2012
"Dona Ana, NM",NM,35013,60.8,2012
"Eddy, NM",NM,35015,103.8,2012
"Grant, NM",NM,35017,113.3,2012
"Guadalupe, NM",NM,35019,–,2012
"Harding, NM",NM,35021,–,2012
"Hidalgo, NM",NM,35023,–,2012
"Lea, NM",NM,35025,82,2012
"Lincoln, NM",NM,35027,117.7,2012
"Los Alamos, NM",NM,35028,64.9,2012
"Luna, NM",NM,35029,76.4,2012
"McKinley, NM",NM,35031,27.8,2012
"Mora, NM",NM,35033,–,2012
"Otero, NM",NM,35035,70.8,2012
"Quay, NM",NM,35037,88.9,2012
"Rio Arriba, NM",NM,35039,100.7,2012
"Roosevelt, NM",NM,35041,22.5,2012
"Sandoval, NM",NM,35043,61,2012
"San Juan, NM",NM,35045,69.6,2012
"San Miguel, NM",NM,35047,94.2,2012
"Santa Fe, NM",NM,35049,100.6,2012
"Sierra, NM",NM,35051,137,2012
"Socorro, NM",NM,35053,83.2,2012
"Taos, NM",NM,35055,109.4,2012
"Torrance, NM",NM,35057,25.3,2012
"Union, NM",NM,35059,50.9,2012
"Valencia, NM",NM,35061,85.1,2012
"Churchill, NV",NV,32001,126.3,2012
"Clark, NV",NV,32003,94.2,2012
"Douglas, NV",NV,32005,113.8,2012
"Elko, NV",NV,32007,89.6,2012
"Esmeralda, NV",NV,32009,–,2012
"Eureka, NV",NV,32011,–,2012
"Humboldt, NV",NV,32013,96.3,2012
"Lander, NV",NV,32015,–,2012
"Lincoln, NV",NV,32017,96.2,2012
"Lyon, NV",NV,32019,102.6,2012
"Mineral, NV",NV,32021,150.6,2012
"Nye, NV",NV,32023,138.2,2012
"Pershing, NV",NV,32027,28.6,2012
"Storey, NV",NV,32029,–,2012
"Washoe, NV",NV,32031,110.4,2012
"White Pine, NV",NV,32033,175.6,2012
"Carson City, NV",NV,32510,145.9,2012
"Albany, NY",NY,36001,64.1,2012
"Allegany, NY",NY,36003,69.5,2012
"Bronx, NY",NY,36005,38.1,2012
"Broome, NY",NY,36007,89.1,2012
"Cattaraugus, NY",NY,36009,90.5,2012
"Cayuga, NY",NY,36011,39.8,2012
"Chautauqua, NY",NY,36013,100.7,2012
"Chemung, NY",NY,36015,112.7,2012
"Chenango, NY",NY,36017,72.8,2012
"Clinton, NY",NY,36019,46.3,2012
"Columbia, NY",NY,36021,74.6,2012
"Cortland, NY",NY,36023,49.1,2012
"Delaware, NY",NY,36025,83.6,2012
"Dutchess, NY",NY,36027,69.6,2012
"Erie, NY",NY,36029,83.6,2012
"Essex, NY",NY,36031,30.9,2012
"Franklin, NY",NY,36033,30.8,2012
"Fulton, NY",NY,36035,88.1,2012
"Genesee, NY",NY,36037,73.5,2012
"Greene, NY",NY,36039,82.4,2012
"Hamilton, NY",NY,36041,–,2012
"Herkimer, NY",NY,36043,43.3,2012
"Jefferson, NY",NY,36045,32.4,2012
"Kings, NY",NY,36047,28.8,2012
"Lewis, NY",NY,36049,22.4,2012
"Livingston, NY",NY,36051,56.6,2012
"Madison, NY",NY,36053,55.6,2012
"Monroe, NY",NY,36055,62.3,2012
"Montgomery, NY",NY,36057,105.2,2012
"Nassau, NY",NY,36059,49.2,2012
"New York, NY",NY,36061,47.8,2012
"Niagara, NY",NY,36063,93.1,2012
"Oneida, NY",NY,36065,75.5,2012
"Onondaga, NY",NY,36067,57.7,2012
"Ontario, NY",NY,36069,61.9,2012
"Orange, NY",NY,36071,74.9,2012
"Orleans, NY",NY,36073,69.4,2012
"Oswego, NY",NY,36075,53.8,2012
"Otsego, NY",NY,36077,65.9,2012
"Putnam, NY",NY,36079,44.9,2012
"Queens, NY",NY,36081,29.1,2012
"Rensselaer, NY",NY,36083,71.2,2012
"Richmond, NY",NY,36085,57.5,2012
"Rockland, NY",NY,36087,40.1,2012
"St. Lawrence, NY",NY,36089,29.2,2012
"Saratoga, NY",NY,36091,64.3,2012
"Schenectady, NY",NY,36093,77.2,2012
"Schoharie, NY",NY,36095,50.1,2012
"Schuyler, NY",NY,36097,72.7,2012
"Seneca, NY",NY,36099,35,2012
"Steuben, NY",NY,36101,80.2,2012
"Suffolk, NY",NY,36103,66.4,2012
"Sullivan, NY",NY,36105,106.8,2012
"Tioga, NY",NY,36107,41.2,2012
"Tompkins, NY",NY,36109,45,2012
"Ulster, NY",NY,36111,75.1,2012
"Warren, NY",NY,36113,109.3,2012
"Washington, NY",NY,36115,77.6,2012
"Wayne, NY",NY,36117,66.2,2012
"Westchester, NY",NY,36119,44.8,2012
"Wyoming, NY",NY,36121,64,2012
"Yates, NY",NY,36123,58.7,2012
"Adams, OH",OH,39001,104,2012
"Allen, OH",OH,39003,114.3,2012
"Ashland, OH",OH,39005,54,2012
"Ashtabula, OH",OH,39007,95.2,2012
"Athens, OH",OH,39009,103.7,2012
"Auglaize, OH",OH,39011,52.1,2012
"Belmont, OH",OH,39013,141.8,2012
"Brown, OH",OH,39015,106.9,2012
"Butler, OH",OH,39017,103.1,2012
"Carroll, OH",OH,39019,43.5,2012
"Champaign, OH",OH,39021,86.2,2012
"Clark, OH",OH,39023,117.1,2012
"Clermont, OH",OH,39025,111.8,2012
"Clinton, OH",OH,39027,132.4,2012
"Columbiana, OH",OH,39029,102.2,2012
"Coshocton, OH",OH,39031,86.1,2012
"Crawford, OH",OH,39033,110.4,2012
"Cuyahoga, OH",OH,39035,76.2,2012
"Darke, OH",OH,39037,60.3,2012
"Defiance, OH",OH,39039,91.5,2012
"Delaware, OH",OH,39041,71.6,2012
"Erie, OH",OH,39043,112.1,2012
"Fairfield, OH",OH,39045,93.9,2012
"Fayette, OH",OH,39047,123.8,2012
"Franklin, OH",OH,39049,108.3,2012
"Fulton, OH",OH,39051,91.9,2012
"Gallia, OH",OH,39053,151.5,2012
"Geauga, OH",OH,39055,67.3,2012
"Greene, OH",OH,39057,95.8,2012
"Guernsey, OH",OH,39059,126.8,2012
"Hamilton, OH",OH,39061,99.7,2012
"Hancock, OH",OH,39063,77,2012
"Hardin, OH",OH,39065,92.7,2012
"Harrison, OH",OH,39067,76.6,2012
"Henry, OH",OH,39069,68.3,2012
"Highland, OH",OH,39071,138.9,2012
"Hocking, OH",OH,39073,104.9,2012
"Holmes, OH",OH,39075,32.5,2012
"Huron, OH",OH,39077,113.6,2012
"Jackson, OH",OH,39079,190.5,2012
"Jefferson, OH",OH,39081,145,2012
"Knox, OH",OH,39083,64.7,2012
"Lake, OH",OH,39085,90.2,2012
"Lawrence, OH",OH,39087,117,2012
"Licking, OH",OH,39089,85.7,2012
"Logan, OH",OH,39091,103.9,2012
"Lorain, OH",OH,39093,88.8,2012
"Lucas, OH",OH,39095,115,2012
"Madison, OH",OH,39097,72.5,2012
"Mahoning, OH",OH,39099,119.9,2012
"Marion, OH",OH,39101,117.3,2012
"Medina, OH",OH,39103,85.7,2012
"Meigs, OH",OH,39105,102.4,2012
"Mercer, OH",OH,39107,55.1,2012
"Miami, OH",OH,39109,85.8,2012
"Monroe, OH",OH,39111,64.7,2012
"Montgomery, OH",OH,39113,116.6,2012
"Morgan, OH",OH,39115,46.4,2012
"Morrow, OH",OH,39117,58.7,2012
"Muskingum, OH",OH,39119,125,2012
"Noble, OH",OH,39121,38.3,2012
"Ottawa, OH",OH,39123,83.6,2012
"Paulding, OH",OH,39125,54.3,2012
"Perry, OH",OH,39127,103.3,2012
"Pickaway, OH",OH,39129,91.9,2012
"Pike, OH",OH,39131,124.2,2012
"Portage, OH",OH,39133,76.9,2012
"Preble, OH",OH,39135,79,2012
"Putnam, OH",OH,39137,42.8,2012
"Richland, OH",OH,39139,95,2012
"Ross, OH",OH,39141,137.3,2012
"Sandusky, OH",OH,39143,89.2,2012
"Scioto, OH",OH,39145,129,2012
"Seneca, OH",OH,39147,81.8,2012
"Shelby, OH",OH,39149,88.4,2012
"Stark, OH",OH,39151,114.7,2012
"Summit, OH",OH,39153,98,2012
"Trumbull, OH",OH,39155,112.1,2012
"Tuscarawas, OH",OH,39157,94.7,2012
"Union, OH",OH,39159,79.6,2012
"Van Wert, OH",OH,39161,82.8,2012
"Vinton, OH",OH,39163,–,2012
"Warren, OH",OH,39165,86.1,2012
"Washington, OH",OH,39167,161.6,2012
"Wayne, OH",OH,39169,68.3,2012
"Williams, OH",OH,39171,77.5,2012
"Wood, OH",OH,39173,58.5,2012
"Wyandot, OH",OH,39175,47.6,2012
"Adair, OK",OK,40001,26.3,2012
"Alfalfa, OK",OK,40003,–,2012
"Atoka, OK",OK,40005,32.7,2012
"Beaver, OK",OK,40007,–,2012
"Beckham, OK",OK,40009,146.7,2012
"Blaine, OK",OK,40011,15.5,2012
"Bryan, OK",OK,40013,160.8,2012
"Caddo, OK",OK,40015,107.4,2012
"Canadian, OK",OK,40017,115.5,2012
"Carter, OK",OK,40019,222.6,2012
"Cherokee, OK",OK,40021,142.5,2012
"Choctaw, OK",OK,40023,54.9,2012
"Cimarron, OK",OK,40025,89.4,2012
"Cleveland, OK",OK,40027,105.6,2012
"Coal, OK",OK,40029,69.4,2012
"Comanche, OK",OK,40031,104,2012
"Cotton, OK",OK,40033,–,2012
"Craig, OK",OK,40035,141.2,2012
"Creek, OK",OK,40037,150,2012
"Custer, OK",OK,40039,158,2012
"Delaware, OK",OK,40041,106.2,2012
"Dewey, OK",OK,40043,–,2012
"Ellis, OK",OK,40045,131,2012
"Garfield, OK",OK,40047,112.4,2012
"Garvin, OK",OK,40049,114.3,2012
"Grady, OK",OK,40051,75,2012
"Grant, OK",OK,40053,–,2012
"Greer, OK",OK,40055,53.7,2012
"Harmon, OK",OK,40057,260.4,2012
"Harper, OK",OK,40059,–,2012
"Haskell, OK",OK,40061,98.1,2012
"Hughes, OK",OK,40063,69.2,2012
"Jackson, OK",OK,40065,171.7,2012
"Jefferson, OK",OK,40067,35.7,2012
"Johnston, OK",OK,40069,–,2012
"Kay, OK",OK,40071,132,2012
"Kingfisher, OK",OK,40073,62.8,2012
"Kiowa, OK",OK,40075,40.3,2012
"Latimer, OK",OK,40077,138.1,2012
"Le Flore, OK",OK,40079,111.2,2012
"Lincoln, OK",OK,40081,21.5,2012
"Logan, OK",OK,40083,68.2,2012
"Love, OK",OK,40085,56.7,2012
"McClain, OK",OK,40087,173.2,2012
"McCurtain, OK",OK,40089,114.3,2012
"McIntosh, OK",OK,40091,75.3,2012
"Major, OK",OK,40093,–,2012
"Marshall, OK",OK,40095,45.4,2012
"Mayes, OK",OK,40097,95.1,2012
"Murray, OK",OK,40099,201.2,2012
"Muskogee, OK",OK,40101,137.3,2012
"Noble, OK",OK,40103,18.8,2012
"Nowata, OK",OK,40105,79.2,2012
"Okfuskee, OK",OK,40107,–,2012
"Oklahoma, OK",OK,40109,152.9,2012
"Okmulgee, OK",OK,40111,119.8,2012
"Osage, OK",OK,40113,30.4,2012
"Ottawa, OK",OK,40115,119.9,2012
"Pawnee, OK",OK,40117,122.3,2012
"Payne, OK",OK,40119,132,2012
"Pittsburg, OK",OK,40121,193.9,2012
"Pontotoc, OK",OK,40123,149.1,2012
"Pottawatomie, OK",OK,40125,187.3,2012
"Pushmataha, OK",OK,40127,–,2012
"Roger Mills, OK",OK,40129,–,2012
"Rogers, OK",OK,40131,146.1,2012
"Seminole, OK",OK,40133,96.1,2012
"Sequoyah, OK",OK,40135,89.8,2012
"Stephens, OK",OK,40137,177.2,2012
"Texas, OK",OK,40139,20.6,2012
"Tillman, OK",OK,40141,123.6,2012
"Tulsa, OK",OK,40143,157.2,2012
"Wagoner, OK",OK,40145,73,2012
"Washington, OK",OK,40147,133.9,2012
"Washita, OK",OK,40149,–,2012
"Woods, OK",OK,40151,41,2012
"Woodward, OK",OK,40153,157.6,2012
"Baker, OR",OR,41001,148,2012
"Benton, OR",OR,41003,59.7,2012
"Clackamas, OR",OR,41005,91.5,2012
"Clatsop, OR",OR,41007,168.1,2012
"Columbia, OR",OR,41009,89.9,2012
"Coos, OR",OR,41011,163.4,2012
"Crook, OR",OR,41013,121.7,2012
"Curry, OR",OR,41015,162.5,2012
"Deschutes, OR",OR,41017,110.9,2012
"Douglas, OR",OR,41019,127.4,2012
"Gilliam, OR",OR,41021,20.2,2012
"Grant, OR",OR,41023,66.5,2012
"Harney, OR",OR,41025,137.1,2012
"Hood River, OR",OR,41027,106.5,2012
"Jackson, OR",OR,41029,143.1,2012
"Jefferson, OR",OR,41031,45.9,2012
"Josephine, OR",OR,41033,162,2012
"Klamath, OR",OR,41035,116.7,2012
"Lake, OR",OR,41037,114.1,2012
"Lane, OR",OR,41039,124.6,2012
"Lincoln, OR",OR,41041,165.7,2012
"Linn, OR",OR,41043,134.4,2012
"Malheur, OR",OR,41045,168.1,2012
"Marion, OR",OR,41047,80.5,2012
"Morrow, OR",OR,41049,16.9,2012
"Multnomah, OR",OR,41051,72.9,2012
"Polk, OR",OR,41053,66.5,2012
"Sherman, OR",OR,41055,–,2012
"Tillamook, OR",OR,41057,111.9,2012
"Umatilla, OR",OR,41059,113.8,2012
"Union, OR",OR,41061,124.2,2012
"Wallowa, OR",OR,41063,102.9,2012
"Wasco, OR",OR,41065,174.5,2012
"Washington, OR",OR,41067,69.9,2012
"Wheeler, OR",OR,41069,–,2012
"Yamhill, OR",OR,41071,96.7,2012
"Adams, PA",PA,42001,50.4,2012
"Allegheny, PA",PA,42003,89.5,2012
"Armstrong, PA",PA,42005,97,2012
"Beaver, PA",PA,42007,90.3,2012
"Bedford, PA",PA,42009,71.2,2012
"Berks, PA",PA,42011,65.9,2012
"Blair, PA",PA,42013,118.2,2012
"Bradford, PA",PA,42015,73.2,2012
"Bucks, PA",PA,42017,82.8,2012
"Butler, PA",PA,42019,82.3,2012
"Cambria, PA",PA,42021,122.3,2012
"Cameron, PA",PA,42023,139,2012
"Carbon, PA",PA,42025,80.5,2012
"Centre, PA",PA,42027,57,2012
"Chester, PA",PA,42029,58.9,2012
"Clarion, PA",PA,42031,77.2,2012
"Clearfield, PA",PA,42033,86.9,2012
"Clinton, PA",PA,42035,73.5,2012
"Columbia, PA",PA,42037,87,2012
"Crawford, PA",PA,42039,106.7,2012
"Cumberland, PA",PA,42041,83.2,2012
"Dauphin, PA",PA,42043,78.8,2012
"Delaware, PA",PA,42045,83.9,2012
"Elk, PA",PA,42047,95.4,2012
"Erie, PA",PA,42049,101.2,2012
"Fayette, PA",PA,42051,134.4,2012
"Forest, PA",PA,42053,40,2012
"Franklin, PA",PA,42055,79.5,2012
"Fulton, PA",PA,42057,–,2012
"Greene, PA",PA,42059,83.2,2012
"Huntingdon, PA",PA,42061,61.8,2012
"Indiana, PA",PA,42063,79.3,2012
"Jefferson, PA",PA,42065,90.9,2012
"Juniata, PA",PA,42067,62.3,2012
"Lackawanna, PA",PA,42069,129.6,2012
"Lancaster, PA",PA,42071,67.3,2012
"Lawrence, PA",PA,42073,118.4,2012
"Lebanon, PA",PA,42075,66.9,2012
"Lehigh, PA",PA,42077,55,2012
"Luzerne, PA",PA,42079,102.6,2012
"Lycoming, PA",PA,42081,106.5,2012
"McKean, PA",PA,42083,104,2012
"Mercer, PA",PA,42085,124.2,2012
"Mifflin, PA",PA,42087,94.3,2012
"Monroe, PA",PA,42089,98.7,2012
"Montgomery, PA",PA,42091,70.2,2012
"Montour, PA",PA,42093,80.5,2012
"Northampton, PA",PA,42095,85.2,2012
"Northumberland, PA",PA,42097,107.5,2012
"Perry, PA",PA,42099,71.4,2012
"Philadelphia, PA",PA,42101,83.1,2012
"Pike, PA",PA,42103,72.2,2012
"Potter, PA",PA,42105,80.8,2012
"Schuylkill, PA",PA,42107,85.6,2012
"Snyder, PA",PA,42109,86.7,2012
"Somerset, PA",PA,42111,72.3,2012
"Sullivan, PA",PA,42113,49.4,2012
"Susquehanna, PA",PA,42115,66.9,2012
"Tioga, PA",PA,42117,92.9,2012
"Union, PA",PA,42119,66.4,2012
"Venango, PA",PA,42121,98.7,2012
"Warren, PA",PA,42123,75.5,2012
"Washington, PA",PA,42125,89.5,2012
"Wayne, PA",PA,42127,96.6,2012
"Westmoreland, PA",PA,42129,85.3,2012
"Wyoming, PA",PA,42131,94.2,2012
"York, PA",PA,42133,75.4,2012
"Bristol, RI",RI,44001,58.4,2012
"Kent, RI",RI,44003,101.5,2012
"Newport, RI",RI,44005,74.5,2012
"Providence, RI",RI,44007,81.6,2012
"Washington, RI",RI,44009,82.6,2012
"Abbeville, SC",SC,45001,55.9,2012
"Aiken, SC",SC,45003,99.7,2012
"Allendale, SC",SC,45005,64.9,2012
"Anderson, SC",SC,45007,109.4,2012
"Bamberg, SC",SC,45009,82.7,2012
"Barnwell, SC",SC,45011,118.4,2012
"Beaufort, SC",SC,45013,72.6,2012
"Berkeley, SC",SC,45015,68.3,2012
"Calhoun, SC",SC,45017,–,2012
"Charleston, SC",SC,45019,93.9,2012
"Cherokee, SC",SC,45021,137.3,2012
"Chester, SC",SC,45023,98.2,2012
"Chesterfield, SC",SC,45025,98.6,2012
"Clarendon, SC",SC,45027,86.1,2012
"Colleton, SC",SC,45029,142.1,2012
"Darlington, SC",SC,45031,169.4,2012
"Dillon, SC",SC,45033,141.4,2012
"Dorchester, SC",SC,45035,105.9,2012
"Edgefield, SC",SC,45037,46.2,2012
"Fairfield, SC",SC,45039,76.4,2012
"Florence, SC",SC,45041,146.6,2012
"Georgetown, SC",SC,45043,107.1,2012
"Greenville, SC",SC,45045,116.6,2012
"Greenwood, SC",SC,45047,124.5,2012
"Hampton, SC",SC,45049,76,2012
"Horry, SC",SC,45051,134.1,2012
"Jasper, SC",SC,45053,62.8,2012
"Kershaw, SC",SC,45055,80.1,2012
"Lancaster, SC",SC,45057,110.6,2012
"Laurens, SC",SC,45059,93.2,2012
"Lee, SC",SC,45061,33.1,2012
"Lexington, SC",SC,45063,107.4,2012
"McCormick, SC",SC,45065,–,2012
"Marion, SC",SC,45067,120.7,2012
"Marlboro, SC",SC,45069,100.6,2012
"Newberry, SC",SC,45071,94.1,2012
"Oconee, SC",SC,45073,150.6,2012
"Orangeburg, SC",SC,45075,96.1,2012
"Pickens, SC",SC,45077,116.8,2012
"Richland, SC",SC,45079,76.9,2012
"Saluda, SC",SC,45081,54.3,2012
"Spartanburg, SC",SC,45083,132.4,2012
"Sumter, SC",SC,45085,80.4,2012
"Union, SC",SC,45087,147,2012
"Williamsburg, SC",SC,45089,88.7,2012
"York, SC",SC,45091,89.6,2012
"Aurora, SD",SD,46003,–,2012
"Beadle, SD",SD,46005,80.1,2012
"Bennett, SD",SD,46007,–,2012
"Bon Homme, SD",SD,46009,–,2012
"Brookings, SD",SD,46011,53.5,2012
"Brown, SD",SD,46013,73.6,2012
"Brule, SD",SD,46015,105.3,2012
"Buffalo, SD",SD,46017,–,2012
"Butte, SD",SD,46019,22.1,2012
"Campbell, SD",SD,46021,–,2012
"Charles Mix, SD",SD,46023,31.4,2012
"Clark, SD",SD,46025,–,2012
"Clay, SD",SD,46027,42,2012
"Codington, SD",SD,46029,97.6,2012
"Corson, SD",SD,46031,–,2012
"Custer, SD",SD,46033,51.1,2012
"Davison, SD",SD,46035,116,2012
"Day, SD",SD,46037,–,2012
"Deuel, SD",SD,46039,–,2012
"Dewey, SD",SD,46041,–,2012
"Douglas, SD",SD,46043,56.6,2012
"Edmunds, SD",SD,46045,66.8,2012
"Fall River, SD",SD,46047,69.1,2012
"Faulk, SD",SD,46049,–,2012
"Grant, SD",SD,46051,66.7,2012
"Gregory, SD",SD,46053,90.7,2012
"Haakon, SD",SD,46055,105.7,2012
"Hamlin, SD",SD,46057,–,2012
"Hand, SD",SD,46059,–,2012
"Hanson, SD",SD,46061,–,2012
"Harding, SD",SD,46063,–,2012
"Hughes, SD",SD,46065,119.6,2012
"Hutchinson, SD",SD,46067,94.9,2012
"Hyde, SD",SD,46069,–,2012
"Jackson, SD",SD,46071,–,2012
"Jerauld, SD",SD,46073,–,2012
"Jones, SD",SD,46075,–,2012
"Kingsbury, SD",SD,46077,52.2,2012
"Lake, SD",SD,46079,30.3,2012
"Lawrence, SD",SD,46081,99.5,2012
"Lincoln, SD",SD,46083,27.7,2012
"Lyman, SD",SD,46085,21.5,2012
"McCook, SD",SD,46087,39.3,2012
"McPherson, SD",SD,46089,50.9,2012
"Marshall, SD",SD,46091,61.8,2012
"Meade, SD",SD,46093,11.9,2012
"Mellette, SD",SD,46095,98.5,2012
"Miner, SD",SD,46097,31.7,2012
"Minnehaha, SD",SD,46099,69.1,2012
"Moody, SD",SD,46101,35.5,2012
"Pennington, SD",SD,46103,81.5,2012
"Perkins, SD",SD,46105,42.2,2012
"Potter, SD",SD,46107,–,2012
"Roberts, SD",SD,46109,32,2012
"Sanborn, SD",SD,46111,–,2012
"Shannon, SD",SD,46113,–,2012
"Spink, SD",SD,46115,–,2012
"Stanley, SD",SD,46117,–,2012
"Sully, SD",SD,46119,–,2012
"Todd, SD",SD,46121,21.9,2012
"Tripp, SD",SD,46123,95.3,2012
"Turner, SD",SD,46125,35.9,2012
"Union, SD",SD,46127,75.3,2012
"Walworth, SD",SD,46129,79.5,2012
"Yankton, SD",SD,46135,120.4,2012
"Ziebach, SD",SD,46137,–,2012
"Anderson, TN",TN,47001,202.1,2012
"Bedford, TN",TN,47003,124.6,2012
"Benton, TN",TN,47005,167.6,2012
"Bledsoe, TN",TN,47007,110.7,2012
"Blount, TN",TN,47009,125,2012
"Bradley, TN",TN,47011,185.1,2012
"Campbell, TN",TN,47013,257,2012
"Cannon, TN",TN,47015,120.3,2012
"Carroll, TN",TN,47017,186.1,2012
"Carter, TN",TN,47019,133,2012
"Cheatham, TN",TN,47021,93.7,2012
"Chester, TN",TN,47023,110.2,2012
"Claiborne, TN",TN,47025,240.8,2012
"Clay, TN",TN,47027,243.6,2012
"Cocke, TN",TN,47029,203.4,2012
"Coffee, TN",TN,47031,234.8,2012
"Crockett, TN",TN,47033,49.6,2012
"Cumberland, TN",TN,47035,180.9,2012
"Davidson, TN",TN,47037,113.4,2012
"Decatur, TN",TN,47039,149.8,2012
"DeKalb, TN",TN,47041,230.9,2012
"Dickson, TN",TN,47043,173.8,2012
"Dyer, TN",TN,47045,169.5,2012
"Fayette, TN",TN,47047,76,2012
"Fentress, TN",TN,47049,279.8,2012
"Franklin, TN",TN,47051,147.5,2012
"Gibson, TN",TN,47053,136.4,2012
"Giles, TN",TN,47055,105,2012
"Grainger, TN",TN,47057,135.3,2012
"Greene, TN",TN,47059,159.3,2012
"Grundy, TN",TN,47061,213.5,2012
"Hamblen, TN",TN,47063,251.6,2012
"Hamilton, TN",TN,47065,167,2012
"Hancock, TN",TN,47067,168.4,2012
"Hardeman, TN",TN,47069,76.1,2012
"Hardin, TN",TN,47071,173,2012
"Hawkins, TN",TN,47073,115.1,2012
"Haywood, TN",TN,47075,91.8,2012
"Henderson, TN",TN,47077,156.6,2012
"Henry, TN",TN,47079,214.6,2012
"Hickman, TN",TN,47081,40.1,2012
"Houston, TN",TN,47083,84.1,2012
"Humphreys, TN",TN,47085,134.7,2012
"Jackson, TN",TN,47087,53.1,2012
"Jefferson, TN",TN,47089,157.9,2012
"Johnson, TN",TN,47091,150.3,2012
"Knox, TN",TN,47093,144.9,2012
"Lake, TN",TN,47095,149.7,2012
"Lauderdale, TN",TN,47097,110.1,2012
"Lawrence, TN",TN,47099,186.1,2012
"Lewis, TN",TN,47101,127.4,2012
"Lincoln, TN",TN,47103,143.3,2012
"Loudon, TN",TN,47105,149,2012
"McMinn, TN",TN,47107,208.7,2012
"McNairy, TN",TN,47109,194.8,2012
"Macon, TN",TN,47111,142.6,2012
"Madison, TN",TN,47113,159.2,2012
"Marion, TN",TN,47115,129.8,2012
"Marshall, TN",TN,47117,183.3,2012
"Maury, TN",TN,47119,172.8,2012
"Meigs, TN",TN,47121,–,2012
"Monroe, TN",TN,47123,159.5,2012
"Montgomery, TN",TN,47125,114.3,2012
"Moore, TN",TN,47127,11.6,2012
"Morgan, TN",TN,47129,94.7,2012
"Obion, TN",TN,47131,118.4,2012
"Overton, TN",TN,47133,133.1,2012
"Perry, TN",TN,47135,122,2012
"Pickett, TN",TN,47137,208.9,2012
"Polk, TN",TN,47139,28.3,2012
"Putnam, TN",TN,47141,172.1,2012
"Rhea, TN",TN,47143,190.5,2012
"Roane, TN",TN,47145,208.9,2012
"Robertson, TN",TN,47147,157.1,2012
"Rutherford, TN",TN,47149,115.3,2012
"Scott, TN",TN,47151,115.8,2012
"Sequatchie, TN",TN,47153,213.6,2012
"Sevier, TN",TN,47155,154.6,2012
"Shelby, TN",TN,47157,86.9,2012
"Smith, TN",TN,47159,194.2,2012
"Stewart, TN",TN,47161,51.6,2012
"Sullivan, TN",TN,47163,221.7,2012
"Sumner, TN",TN,47165,106,2012
"Tipton, TN",TN,47167,95.9,2012
"Trousdale, TN",TN,47169,296.4,2012
"Unicoi, TN",TN,47171,179.7,2012
"Union, TN",TN,47173,141.6,2012
"Van Buren, TN",TN,47175,–,2012
"Warren, TN",TN,47177,193,2012
"Washington, TN",TN,47179,150.7,2012
"Wayne, TN",TN,47181,169.6,2012
"Weakley, TN",TN,47183,104.2,2012
"White, TN",TN,47185,177.6,2012
"Williamson, TN",TN,47187,65,2012
"Wilson, TN",TN,47189,114.4,2012
"Anderson, TX",TX,48001,105.9,2012
"Andrews, TX",TX,48003,53.2,2012
"Angelina, TX",TX,48005,123,2012
"Aransas, TX",TX,48007,124.9,2012
"Archer, TX",TX,48009,–,2012
"Armstrong, TX",TX,48011,21,2012
"Atascosa, TX",TX,48013,91.9,2012
"Austin, TX",TX,48015,60.1,2012
"Bailey, TX",TX,48017,77.6,2012
"Bandera, TX",TX,48019,–,2012
"Bastrop, TX",TX,48021,82.2,2012
"Baylor, TX",TX,48023,95.3,2012
"Bee, TX",TX,48025,80.2,2012
"Bell, TX",TX,48027,76.5,2012
"Bexar, TX",TX,48029,71,2012
"Blanco, TX",TX,48031,14,2012
"Borden, TX",TX,48033,–,2012
"Bosque, TX",TX,48035,52.3,2012
"Bowie, TX",TX,48037,175.6,2012
"Brazoria, TX",TX,48039,75.3,2012
"Brazos, TX",TX,48041,73,2012
"Brewster, TX",TX,48043,93.3,2012
"Briscoe, TX",TX,48045,–,2012
"Brooks, TX",TX,48047,52.4,2012
"Brown, TX",TX,48049,161.5,2012
"Burleson, TX",TX,48051,76.3,2012
"Burnet, TX",TX,48053,132.2,2012
"Caldwell, TX",TX,48055,62.1,2012
"Calhoun, TX",TX,48057,116.6,2012
"Callahan, TX",TX,48059,–,2012
"Cameron, TX",TX,48061,37.1,2012
"Camp, TX",TX,48063,110.2,2012
"Carson, TX",TX,48065,–,2012
"Cass, TX",TX,48067,70.3,2012
"Castro, TX",TX,48069,–,2012
"Chambers, TX",TX,48071,10.5,2012
"Cherokee, TX",TX,48073,82.5,2012
"Childress, TX",TX,48075,213.6,2012
"Clay, TX",TX,48077,–,2012
"Cochran, TX",TX,48079,–,2012
"Coke, TX",TX,48081,–,2012
"Coleman, TX",TX,48083,–,2012
"Collin, TX",TX,48085,68.2,2012
"Collingsworth, TX",TX,48087,–,2012
"Colorado, TX",TX,48089,74.3,2012
"Comal, TX",TX,48091,96.8,2012
"Comanche, TX",TX,48093,95.7,2012
"Concho, TX",TX,48095,–,2012
"Cooke, TX",TX,48097,115.4,2012
"Coryell, TX",TX,48099,68.6,2012
"Cottle, TX",TX,48101,–,2012
"Crane, TX",TX,48103,78.9,2012
"Crockett, TX",TX,48105,60.9,2012
"Crosby, TX",TX,48107,4.5,2012
"Culberson, TX",TX,48109,–,2012
"Dallam, TX",TX,48111,94.1,2012
"Dallas, TX",TX,48113,65.4,2012
"Dawson, TX",TX,48115,73.4,2012
"Deaf Smith, TX",TX,48117,56.6,2012
"Delta, TX",TX,48119,–,2012
"Denton, TX",TX,48121,75.7,2012
"DeWitt, TX",TX,48123,70.1,2012
"Dickens, TX",TX,48125,–,2012
"Dimmit, TX",TX,48127,98.3,2012
"Donley, TX",TX,48129,–,2012
"Duval, TX",TX,48131,9.6,2012
"Eastland, TX",TX,48133,70.2,2012
"Ector, TX",TX,48135,103,2012
"Edwards, TX",TX,48137,–,2012
"Ellis, TX",TX,48139,85.7,2012
"El Paso, TX",TX,48141,42.6,2012
"Erath, TX",TX,48143,93.4,2012
"Falls, TX",TX,48145,72.1,2012
"Fannin, TX",TX,48147,67.6,2012
"Fayette, TX",TX,48149,67,2012
"Fisher, TX",TX,48151,–,2012
"Floyd, TX",TX,48153,24.5,2012
"Foard, TX",TX,48155,70.1,2012
"Fort Bend, TX",TX,48157,45.7,2012
"Franklin, TX",TX,48159,91.5,2012
"Freestone, TX",TX,48161,53.8,2012
"Frio, TX",TX,48163,52.7,2012
"Gaines, TX",TX,48165,62.4,2012
"Galveston, TX",TX,48167,96.2,2012
"Garza, TX",TX,48169,–,2012
"Gillespie, TX",TX,48171,91.9,2012
"Glasscock, TX",TX,48173,–,2012
"Goliad, TX",TX,48175,–,2012
"Gonzales, TX",TX,48177,55.8,2012
"Gray, TX",TX,48179,153.9,2012
"Grayson, TX",TX,48181,152.5,2012
"Gregg, TX",TX,48183,199.5,2012
"Grimes, TX",TX,48185,34.6,2012
"Guadalupe, TX",TX,48187,55.8,2012
"Hale, TX",TX,48189,76.5,2012
"Hall, TX",TX,48191,–,2012
"Hamilton, TX",TX,48193,–,2012
"Hansford, TX",TX,48195,–,2012
"Hardeman, TX",TX,48197,82,2012
"Hardin, TX",TX,48199,115,2012
"Harris, TX",TX,48201,63.3,2012
"Harrison, TX",TX,48203,76.1,2012
"Hartley, TX",TX,48205,–,2012
"Haskell, TX",TX,48207,–,2012
"Hays, TX",TX,48209,74.4,2012
"Hemphill, TX",TX,48211,–,2012
"Henderson, TX",TX,48213,101.6,2012
"Hidalgo, TX",TX,48215,31.3,2012
"Hill, TX",TX,48217,91.6,2012
"Hockley, TX",TX,48219,99.6,2012
"Hood, TX",TX,48221,139.2,2012
"Hopkins, TX",TX,48223,115.9,2012
"Houston, TX",TX,48225,79.6,2012
"Howard, TX",TX,48227,70.9,2012
"Hudspeth, TX",TX,48229,–,2012
"Hunt, TX",TX,48231,119.5,2012
"Hutchinson, TX",TX,48233,84.8,2012
"Irion, TX",TX,48235,–,2012
"Jack, TX",TX,48237,–,2012
"Jackson, TX",TX,48239,47.8,2012
"Jasper, TX",TX,48241,74.2,2012
"Jeff Davis, TX",TX,48243,–,2012
"Jefferson, TX",TX,48245,95.7,2012
"Jim Hogg, TX",TX,48247,–,2012
"Jim Wells, TX",TX,48249,93.6,2012
"Johnson, TX",TX,48251,97.4,2012
"Jones, TX",TX,48253,37.3,2012
"Karnes, TX",TX,48255,74.5,2012
"Kaufman, TX",TX,48257,96.3,2012
"Kendall, TX",TX,48259,86.5,2012
"Kenedy, TX",TX,48261,–,2012
"Kent, TX",TX,48263,–,2012
"Kerr, TX",TX,48265,115.2,2012
"Kimble, TX",TX,48267,106.4,2012
"King, TX",TX,48269,–,2012
"Kinney, TX",TX,48271,–,2012
"Kleberg, TX",TX,48273,75.1,2012
"Knox, TX",TX,48275,–,2012
"Lamar, TX",TX,48277,181.6,2012
"Lamb, TX",TX,48279,48,2012
"Lampasas, TX",TX,48281,31.6,2012
"La Salle, TX",TX,48283,–,2012
"Lavaca, TX",TX,48285,81.1,2012
"Lee, TX",TX,48287,40.7,2012
"Leon, TX",TX,48289,24.1,2012
"Liberty, TX",TX,48291,129.3,2012
"Limestone, TX",TX,48293,102.7,2012
"Lipscomb, TX",TX,48295,–,2012
"Live Oak, TX",TX,48297,–,2012
"Llano, TX",TX,48299,99.7,2012
"Loving, TX",TX,48301,–,2012
"Lubbock, TX",TX,48303,96,2012
"Lynn, TX",TX,48305,–,2012
"McCulloch, TX",TX,48307,70.2,2012
"McLennan, TX",TX,48309,94.7,2012
"McMullen, TX",TX,48311,–,2012
"Madison, TX",TX,48313,99.7,2012
"Marion, TX",TX,48315,–,2012
"Martin, TX",TX,48317,–,2012
"Mason, TX",TX,48319,–,2012
"Matagorda, TX",TX,48321,97.1,2012
"Maverick, TX",TX,48323,31.8,2012
"Medina, TX",TX,48325,39.5,2012
"Menard, TX",TX,48327,62.1,2012
"Midland, TX",TX,48329,87.9,2012
"Milam, TX",TX,48331,75.7,2012
"Mills, TX",TX,48333,–,2012
"Mitchell, TX",TX,48335,–,2012
"Montague, TX",TX,48337,118,2012
"Montgomery, TX",TX,48339,82.7,2012
"Moore, TX",TX,48341,67.6,2012
"Morris, TX",TX,48343,134.4,2012
"Motley, TX",TX,48345,–,2012
"Nacogdoches, TX",TX,48347,109.7,2012
"Navarro, TX",TX,48349,90,2012
"Newton, TX",TX,48351,64.7,2012
"Nolan, TX",TX,48353,157,2012
"Nueces, TX",TX,48355,97.6,2012
"Ochiltree, TX",TX,48357,81.5,2012
"Oldham, TX",TX,48359,–,2012
"Orange, TX",TX,48361,119.6,2012
"Palo Pinto, TX",TX,48363,148,2012
"Panola, TX",TX,48365,97,2012
"Parker, TX",TX,48367,84.6,2012
"Parmer, TX",TX,48369,–,2012
"Pecos, TX",TX,48371,49.1,2012
"Polk, TX",TX,48373,89.2,2012
"Potter, TX",TX,48375,99.1,2012
"Presidio, TX",TX,48377,–,2012
"Rains, TX",TX,48379,76.8,2012
"Randall, TX",TX,48381,89.9,2012
"Reagan, TX",TX,48383,–,2012
"Real, TX",TX,48385,–,2012
"Red River, TX",TX,48387,–,2012
"Reeves, TX",TX,48389,82.1,2012
"Refugio, TX",TX,48391,–,2012
"Roberts, TX",TX,48393,–,2012
"Robertson, TX",TX,48395,31.9,2012
"Rockwall, TX",TX,48397,91.4,2012
"Runnels, TX",TX,48399,50.5,2012
"Rusk, TX",TX,48401,68.5,2012
"Sabine, TX",TX,48403,61.6,2012
"San Augustine, TX",TX,48405,99,2012
"San Jacinto, TX",TX,48407,23.7,2012
"San Patricio, TX",TX,48409,81.8,2012
"San Saba, TX",TX,48411,84.7,2012
"Schleicher, TX",TX,48413,–,2012
"Scurry, TX",TX,48415,108.8,2012
"Shackelford, TX",TX,48417,–,2012
"Shelby, TX",TX,48419,97.9,2012
"Sherman, TX",TX,48421,83.6,2012
"Smith, TX",TX,48423,113.8,2012
"Somervell, TX",TX,48425,118.5,2012
"Starr, TX",TX,48427,33,2012
"Stephens, TX",TX,48429,152.9,2012
"Sterling, TX",TX,48431,–,2012
"Stonewall, TX",TX,48433,–,2012
"Sutton, TX",TX,48435,–,2012
"Swisher, TX",TX,48437,–,2012
"Tarrant, TX",TX,48439,84.8,2012
"Taylor, TX",TX,48441,140.1,2012
"Terrell, TX",TX,48443,–,2012
"Terry, TX",TX,48445,67.3,2012
"Throckmorton, TX",TX,48447,–,2012
"Titus, TX",TX,48449,139.2,2012
"Tom Green, TX",TX,48451,105.4,2012
"Travis, TX",TX,48453,69.9,2012
"Trinity, TX",TX,48455,107,2012
"Tyler, TX",TX,48457,68.2,2012
"Upshur, TX",TX,48459,20.3,2012
"Upton, TX",TX,48461,–,2012
"Uvalde, TX",TX,48463,75.7,2012
"Val Verde, TX",TX,48465,40.9,2012
"Van Zandt, TX",TX,48467,101.5,2012
"Victoria, TX",TX,48469,122.7,2012
"Walker, TX",TX,48471,82.4,2012
"Waller, TX",TX,48473,15.7,2012
"Ward, TX",TX,48475,80.8,2012
"Washington, TX",TX,48477,83.9,2012
"Webb, TX",TX,48479,31.7,2012
"Wharton, TX",TX,48481,77.9,2012
"Wheeler, TX",TX,48483,61.6,2012
"Wichita, TX",TX,48485,133.2,2012
"Wilbarger, TX",TX,48487,187.7,2012
"Willacy, TX",TX,48489,54.1,2012
"Williamson, TX",TX,48491,75.6,2012
"Wilson, TX",TX,48493,51.9,2012
"Winkler, TX",TX,48495,89.6,2012
"Wise, TX",TX,48497,73.4,2012
"Wood, TX",TX,48499,85.5,2012
"Yoakum, TX",TX,48501,58.2,2012
"Young, TX",TX,48503,112.2,2012
"Zapata, TX",TX,48505,–,2012
"Zavala, TX",TX,48507,37.6,2012
"Beaver, UT",UT,49001,105.7,2012
"Box Elder, UT",UT,49003,72.1,2012
"Cache, UT",UT,49005,59.8,2012
"Carbon, UT",UT,49007,191,2012
"Daggett, UT",UT,49009,–,2012
"Davis, UT",UT,49011,79.2,2012
"Duchesne, UT",UT,49013,65.9,2012
"Emery, UT",UT,49015,104.6,2012
"Garfield, UT",UT,49017,100.2,2012
"Grand, UT",UT,49019,111.8,2012
"Iron, UT",UT,49021,108.3,2012
"Juab, UT",UT,49023,87.1,2012
"Kane, UT",UT,49025,120.3,2012
"Millard, UT",UT,49027,115.5,2012
"Morgan, UT",UT,49029,51.4,2012
"Piute, UT",UT,49031,–,2012
"Rich, UT",UT,49033,56.9,2012
"Salt Lake, UT",UT,49035,87,2012
"San Juan, UT",UT,49037,29,2012
"Sanpete, UT",UT,49039,91,2012
"Sevier, UT",UT,49041,131.9,2012
"Summit, UT",UT,49043,78.1,2012
"Tooele, UT",UT,49045,96.1,2012
"Uintah, UT",UT,49047,96.4,2012
"Utah, UT",UT,49049,69.5,2012
"Wasatch, UT",UT,49051,81.8,2012
"Washington, UT",UT,49053,101,2012
"Wayne, UT",UT,49055,–,2012
"Weber, UT",UT,49057,99.5,2012
"Accomack, VA",VA,51001,69.2,2012
"Albemarle, VA",VA,51003,73.8,2012
"Alleghany, VA",VA,51005,84.5,2012
"Amelia, VA",VA,51007,57.6,2012
"Amherst, VA",VA,51009,95,2012
"Appomattox, VA",VA,51011,140.4,2012
"Arlington, VA",VA,51013,30.4,2012
"Augusta, VA",VA,51015,36.4,2012
"Bath, VA",VA,51017,75.8,2012
"Bedford, VA",VA,51019,50.4,2012
"Bland, VA",VA,51021,82.1,2012
"Botetourt, VA",VA,51023,46.6,2012
"Brunswick, VA",VA,51025,27.4,2012
"Buchanan, VA",VA,51027,130.9,2012
"Buckingham, VA",VA,51029,–,2012
"Campbell, VA",VA,51031,38.7,2012
"Caroline, VA",VA,51033,22.2,2012
"Carroll, VA",VA,51035,44.4,2012
"Charles City, VA",VA,51036,–,2012
"Charlotte, VA",VA,51037,38.6,2012
"Chesterfield, VA",VA,51041,84.7,2012
"Clarke, VA",VA,51043,10,2012
"Craig, VA",VA,51045,–,2012
"Culpeper, VA",VA,51047,99,2012
"Cumberland, VA",VA,51049,36.9,2012
"Dickenson, VA",VA,51051,170,2012
"Dinwiddie, VA",VA,51053,5.3,2012
"Essex, VA",VA,51057,126,2012
"Fairfax, VA",VA,51059,38.5,2012
"Fauquier, VA",VA,51061,99.1,2012
"Floyd, VA",VA,51063,78.5,2012
"Fluvanna, VA",VA,51065,36.1,2012
"Franklin, VA",VA,51067,110.3,2012
"Frederick, VA",VA,51069,66.3,2012
"Giles, VA",VA,51071,181.3,2012
"Gloucester, VA",VA,51073,130.3,2012
"Goochland, VA",VA,51075,23.3,2012
"Grayson, VA",VA,51077,29.5,2012
"Greene, VA",VA,51079,77.7,2012
"Greensville, VA",VA,51081,–,2012
"Halifax, VA",VA,51083,85.4,2012
"Hanover, VA",VA,51085,108.6,2012
"Henrico, VA",VA,51087,87.1,2012
"Henry, VA",VA,51089,106.9,2012
"Highland, VA",VA,51091,–,2012
"Isle of Wight, VA",VA,51093,66.1,2012
"James City, VA",VA,51095,122,2012
"King and Queen, VA",VA,51097,–,2012
"King George, VA",VA,51099,53.9,2012
"King William, VA",VA,51101,51,2012
"Lancaster, VA",VA,51103,192,2012
"Lee, VA",VA,51105,130.5,2012
"Loudoun, VA",VA,51107,44.4,2012
"Louisa, VA",VA,51109,67.5,2012
"Lunenburg, VA",VA,51111,–,2012
"Madison, VA",VA,51113,–,2012
"Mathews, VA",VA,51115,59.7,2012
"Mecklenburg, VA",VA,51117,119,2012
"Middlesex, VA",VA,51119,–,2012
"Montgomery, VA",VA,51121,81.7,2012
"Nelson, VA",VA,51125,36.2,2012
"New Kent, VA",VA,51127,72.8,2012
"Northampton, VA",VA,51131,125.2,2012
"Northumberland, VA",VA,51133,36.1,2012
"Nottoway, VA",VA,51135,86.1,2012
"Orange, VA",VA,51137,112.9,2012
"Page, VA",VA,51139,109.9,2012
"Patrick, VA",VA,51141,81.1,2012
"Pittsylvania, VA",VA,51143,23.4,2012
"Powhatan, VA",VA,51145,50.1,2012
"Prince Edward, VA",VA,51147,114.4,2012
"Prince George, VA",VA,51149,–,2012
"Prince William, VA",VA,51153,50.4,2012
"Pulaski, VA",VA,51155,179.6,2012
"Rappahannock, VA",VA,51157,–,2012
"Richmond, VA",VA,51159,53.2,2012
"Roanoke, VA",VA,51161,94.7,2012
"Rockbridge, VA",VA,51163,–,2012
"Rockingham, VA",VA,51165,34.5,2012
"Russell, VA",VA,51167,154.7,2012
"Scott, VA",VA,51169,153.9,2012
"Shenandoah, VA",VA,51171,93.3,2012
"Smyth, VA",VA,51173,147.4,2012
"Southampton, VA",VA,51175,4.1,2012
"Spotsylvania, VA",VA,51177,91,2012
"Stafford, VA",VA,51179,67.5,2012
"Surry, VA",VA,51181,–,2012
"Sussex, VA",VA,51183,28.7,2012
"Tazewell, VA",VA,51185,215,2012
"Warren, VA",VA,51187,123.8,2012
"Washington, VA",VA,51191,138,2012
"Westmoreland, VA",VA,51193,60.1,2012
"Wise, VA",VA,51195,266.8,2012
"Wythe, VA",VA,51197,134.7,2012
"York, VA",VA,51199,64.6,2012
"Alexandria, VA",VA,51510,41.8,2012
"Bedford City, VA",VA,51515,–,2012
"Bristol, VA",VA,51520,217.7,2012
"Buena Vista, VA",VA,51530,86.3,2012
"Charlottesville, VA",VA,51540,80.1,2012
"Chesapeake, VA",VA,51550,82.8,2012
"Colonial Heights, VA",VA,51570,309.9,2012
"Covington, VA",VA,51580,295.1,2012
"Danville, VA",VA,51590,203.3,2012
"Emporia, VA",VA,51595,313,2012
"Fairfax City, VA",VA,51600,96.1,2012
"Falls Church, VA",VA,51610,99.3,2012
"Franklin City, VA",VA,51620,297.2,2012
"Fredericksburg, VA",VA,51630,201.5,2012
"Galax, VA",VA,51640,439.2,2012
"Hampton, VA",VA,51650,100.3,2012
"Harrisonburg, VA",VA,51660,147.8,2012
"Hopewell, VA",VA,51670,172.7,2012
"Lexington, VA",VA,51678,334.2,2012
"Lynchburg, VA",VA,51680,174.8,2012
"Manassas, VA",VA,51683,134.6,2012
"Manassas Park, VA",VA,51685,–,2012
"Martinsville, VA",VA,51690,548.1,2012
"Newport News, VA",VA,51700,79.6,2012
"Norfolk, VA",VA,51710,73.7,2012
"Norton, VA",VA,51720,570.1,2012
"Petersburg, VA",VA,51730,157.1,2012
"Poquoson, VA",VA,51735,119.5,2012
"Portsmouth, VA",VA,51740,120.2,2012
"Radford, VA",VA,51750,146.1,2012
"Richmond City, VA",VA,51760,74.6,2012
"Roanoke City, VA",VA,51770,143.5,2012
"Salem, VA",VA,51775,249.2,2012
"Staunton, VA",VA,51790,232.5,2012
"Suffolk, VA",VA,51800,92.3,2012
"Virginia Beach, VA",VA,51810,70.7,2012
"Waynesboro, VA",VA,51820,268.2,2012
"Williamsburg, VA",VA,51830,–,2012
"Winchester, VA",VA,51840,226.4,2012
"Addison, VT",VT,50001,25.2,2012
"Bennington, VT",VT,50003,77.6,2012
"Caledonia, VT",VT,50005,48.7,2012
"Chittenden, VT",VT,50007,49.1,2012
"Essex, VT",VT,50009,–,2012
"Franklin, VT",VT,50011,55.9,2012
"Grand Isle, VT",VT,50013,29.5,2012
"Lamoille, VT",VT,50015,36.3,2012
"Orange, VT",VT,50017,22.7,2012
"Orleans, VT",VT,50019,37.2,2012
"Rutland, VT",VT,50021,97.9,2012
"Washington, VT",VT,50023,48.5,2012
"Windham, VT",VT,50025,80.5,2012
"Windsor, VT",VT,50027,57.6,2012
"Adams, WA",WA,53001,24.5,2012
"Asotin, WA",WA,53003,172.7,2012
"Benton, WA",WA,53005,113.2,2012
"Chelan, WA",WA,53007,97.3,2012
"Clallam, WA",WA,53009,145.2,2012
"Clark, WA",WA,53011,67.3,2012
"Columbia, WA",WA,53013,129.2,2012
"Cowlitz, WA",WA,53015,107.2,2012
"Douglas, WA",WA,53017,72.2,2012
"Ferry, WA",WA,53019,85.9,2012
"Franklin, WA",WA,53021,68.2,2012
"Garfield, WA",WA,53023,28.7,2012
"Grant, WA",WA,53025,90.6,2012
"Grays Harbor, WA",WA,53027,118.5,2012
"Island, WA",WA,53029,43.5,2012
"Jefferson, WA",WA,53031,91.5,2012
"King, WA",WA,53033,62.3,2012
"Kitsap, WA",WA,53035,76.3,2012
"Kittitas, WA",WA,53037,66.2,2012
"Klickitat, WA",WA,53039,29.7,2012
"Lewis, WA",WA,53041,124.6,2012
"Lincoln, WA",WA,53043,92.3,2012
"Mason, WA",WA,53045,105.4,2012
"Okanogan, WA",WA,53047,82.7,2012
"Pacific, WA",WA,53049,59.2,2012
"Pend Oreille, WA",WA,53051,133.1,2012
"Pierce, WA",WA,53053,78.7,2012
"San Juan, WA",WA,53055,17.2,2012
"Skagit, WA",WA,53057,95.6,2012
"Skamania, WA",WA,53059,59.2,2012
"Snohomish, WA",WA,53061,89.3,2012
"Spokane, WA",WA,53063,96.9,2012
"Stevens, WA",WA,53065,87.2,2012
"Thurston, WA",WA,53067,74.4,2012
"Wahkiakum, WA",WA,53069,89.2,2012
"Walla Walla, WA",WA,53071,94.1,2012
"Whatcom, WA",WA,53073,84.3,2012
"Whitman, WA",WA,53075,56,2012
"Yakima, WA",WA,53077,77.4,2012
"Adams, WI",WI,55001,49.8,2012
"Ashland, WI",WI,55003,111.3,2012
"Barron, WI",WI,55005,82,2012
"Bayfield, WI",WI,55007,14.5,2012
"Brown, WI",WI,55009,77.2,2012
"Buffalo, WI",WI,55011,6.2,2012
"Burnett, WI",WI,55013,58.4,2012
"Calumet, WI",WI,55015,18.7,2012
"Chippewa, WI",WI,55017,55.7,2012
"Clark, WI",WI,55019,31.6,2012
"Columbia, WI",WI,55021,110,2012
"Crawford, WI",WI,55023,77.6,2012
"Dane, WI",WI,55025,66.9,2012
"Dodge, WI",WI,55027,49,2012
"Door, WI",WI,55029,53.7,2012
"Douglas, WI",WI,55031,102.4,2012
"Dunn, WI",WI,55033,58.7,2012
"Eau Claire, WI",WI,55035,75.8,2012
"Florence, WI",WI,55037,–,2012
"Fond du Lac, WI",WI,55039,70.5,2012
"Forest, WI",WI,55041,57.1,2012
"Grant, WI",WI,55043,57.8,2012
"Green, WI",WI,55045,65.7,2012
"Green Lake, WI",WI,55047,79.2,2012
"Iowa, WI",WI,55049,52.8,2012
"Iron, WI",WI,55051,71.5,2012
"Jackson, WI",WI,55053,37.8,2012
"Jefferson, WI",WI,55055,76.4,2012
"Juneau, WI",WI,55057,105.6,2012
"Kenosha, WI",WI,55059,82.8,2012
"Kewaunee, WI",WI,55061,25.4,2012
"La Crosse, WI",WI,55063,79.2,2012
"Lafayette, WI",WI,55065,16.4,2012
"Langlade, WI",WI,55067,109.3,2012
"Lincoln, WI",WI,55069,88.8,2012
"Manitowoc, WI",WI,55071,79,2012
"Marathon, WI",WI,55073,56.8,2012
"Marinette, WI",WI,55075,86.9,2012
"Marquette, WI",WI,55077,38.6,2012
"Menominee, WI",WI,55078,–,2012
"Milwaukee, WI",WI,55079,97.9,2012
"Monroe, WI",WI,55081,74.3,2012
"Oconto, WI",WI,55083,42.6,2012
"Oneida, WI",WI,55085,108,2012
"Outagamie, WI",WI,55087,72.1,2012
"Ozaukee, WI",WI,55089,66.8,2012
"Pepin, WI",WI,55091,68.5,2012
"Pierce, WI",WI,55093,35.8,2012
"Polk, WI",WI,55095,75.7,2012
"Portage, WI",WI,55097,74.5,2012
"Price, WI",WI,55099,65.4,2012
"Racine, WI",WI,55101,94.1,2012
"Richland, WI",WI,55103,14.6,2012
"Rock, WI",WI,55105,93.5,2012
"Rusk, WI",WI,55107,45.6,2012
"St. Croix, WI",WI,55109,57.7,2012
"Sauk, WI",WI,55111,81.7,2012
"Sawyer, WI",WI,55113,101.6,2012
"Shawano, WI",WI,55115,57.9,2012
"Sheboygan, WI",WI,55117,82.4,2012
"Taylor, WI",WI,55119,34.2,2012
"Trempealeau, WI",WI,55121,41.7,2012
"Vernon, WI",WI,55123,51.7,2012
"Vilas, WI",WI,55125,76.1,2012
"Walworth, WI",WI,55127,76.5,2012
"Washburn, WI",WI,55129,66.6,2012
"Washington, WI",WI,55131,83.1,2012
"Waukesha, WI",WI,55133,82,2012
"Waupaca, WI",WI,55135,91.3,2012
"Waushara, WI",WI,55137,21.8,2012
"Winnebago, WI",WI,55139,76.5,2012
"Wood, WI",WI,55141,85.9,2012
"Barbour, WV",WV,54001,109.9,2012
"Berkeley, WV",WV,54003,119.8,2012
"Boone, WV",WV,54005,198.7,2012
"Braxton, WV",WV,54007,113,2012
"Brooke, WV",WV,54009,133.8,2012
"Cabell, WV",WV,54011,167.5,2012
"Calhoun, WV",WV,54013,63.5,2012
"Clay, WV",WV,54015,82.4,2012
"Doddridge, WV",WV,54017,49.3,2012
"Fayette, WV",WV,54019,116.4,2012
"Gilmer, WV",WV,54021,65,2012
"Grant, WV",WV,54023,97.7,2012
"Greenbrier, WV",WV,54025,180.5,2012
"Hampshire, WV",WV,54027,91.3,2012
"Hancock, WV",WV,54029,177,2012
"Hardy, WV",WV,54031,100.5,2012
"Harrison, WV",WV,54033,153.9,2012
"Jackson, WV",WV,54035,125.3,2012
"Jefferson, WV",WV,54037,98.1,2012
"Kanawha, WV",WV,54039,160.5,2012
"Lewis, WV",WV,54041,126.1,2012
"Lincoln, WV",WV,54043,54,2012
"Logan, WV",WV,54045,300.1,2012
"McDowell, WV",WV,54047,166.1,2012
"Marion, WV",WV,54049,125.4,2012
"Marshall, WV",WV,54051,157.8,2012
"Mason, WV",WV,54053,137.5,2012
"Mercer, WV",WV,54055,175.5,2012
"Mineral, WV",WV,54057,114.9,2012
"Mingo, WV",WV,54059,201.2,2012
"Monongalia, WV",WV,54061,91.3,2012
"Monroe, WV",WV,54063,26.2,2012
"Morgan, WV",WV,54065,78.4,2012
"Nicholas, WV",WV,54067,203.7,2012
"Ohio, WV",WV,54069,121.7,2012
"Pendleton, WV",WV,54071,77.1,2012
"Pleasants, WV",WV,54073,151,2012
"Pocahontas, WV",WV,54075,82.6,2012
"Preston, WV",WV,54077,60.5,2012
"Putnam, WV",WV,54079,117.2,2012
"Raleigh, WV",WV,54081,208.5,2012
"Randolph, WV",WV,54083,130.2,2012
"Ritchie, WV",WV,54085,63,2012
"Roane, WV",WV,54087,138.3,2012
"Summers, WV",WV,54089,107.1,2012
"Taylor, WV",WV,54091,88.5,2012
"Tucker, WV",WV,54093,54.2,2012
"Tyler, WV",WV,54095,–,2012
"Upshur, WV",WV,54097,90,2012
"Wayne, WV",WV,54099,77.6,2012
"Webster, WV",WV,54101,98.8,2012
"Wetzel, WV",WV,54103,130.3,2012
"Wirt, WV",WV,54105,62.7,2012
"Wood, WV",WV,54107,147.6,2012
"Wyoming, WV",WV,54109,217.4,2012
"Albany, WY",WY,56001,59.2,2012
"Big Horn, WY",WY,56003,50.3,2012
"Campbell, WY",WY,56005,90.6,2012
"Carbon, WY",WY,56007,77,2012
"Converse, WY",WY,56009,76.9,2012
"Crook, WY",WY,56011,–,2012
"Fremont, WY",WY,56013,86.4,2012
"Goshen, WY",WY,56015,31,2012
"Hot Springs, WY",WY,56017,92.3,2012
"Johnson, WY",WY,56019,62.2,2012
"Laramie, WY",WY,56021,85.7,2012
"Lincoln, WY",WY,56023,45.8,2012
"Natrona, WY",WY,56025,94.2,2012
"Niobrara, WY",WY,56027,–,2012
"Park, WY",WY,56029,110.5,2012
"Platte, WY",WY,56031,51.4,2012
"Sheridan, WY",WY,56033,67.1,2012
"Sublette, WY",WY,56035,55.2,2012
"Sweetwater, WY",WY,56037,95.4,2012
"Teton, WY",WY,56039,85.4,2012
"Uinta, WY",WY,56041,100.2,2012
"Washakie, WY",WY,56043,94,2012
"Weston, WY",WY,56045,59.1,2012
